date,region,state,cases,deaths
2020-02-25,Centro-Oeste,DF,0,0
2020-02-25,Centro-Oeste,GO,0,0
2020-02-25,Centro-Oeste,MS,0,0
2020-02-25,Centro-Oeste,MT,0,0
2020-02-25,Nordeste,AL,0,0
2020-02-25,Nordeste,BA,0,0
2020-02-25,Nordeste,CE,0,0
2020-02-25,Nordeste,MA,0,0
2020-02-25,Nordeste,PB,0,0
2020-02-25,Nordeste,PE,0,0
2020-02-25,Nordeste,PI,0,0
2020-02-25,Nordeste,RN,0,0
2020-02-25,Nordeste,SE,0,0
2020-02-25,Norte,AC,0,0
2020-02-25,Norte,AM,0,0
2020-02-25,Norte,AP,0,0
2020-02-25,Norte,PA,0,0
2020-02-25,Norte,RO,0,0
2020-02-25,Norte,RR,0,0
2020-02-25,Norte,TO,0,0
2020-02-25,Sudeste,ES,0,0
2020-02-25,Sudeste,MG,0,0
2020-02-25,Sudeste,RJ,0,0
2020-02-25,Sudeste,SP,0,0
2020-02-25,Sul,PR,0,0
2020-02-25,Sul,RS,0,0
2020-02-25,Sul,SC,0,0
2020-02-26,Centro-Oeste,DF,0,0
2020-02-26,Centro-Oeste,GO,0,0
2020-02-26,Centro-Oeste,MS,0,0
2020-02-26,Centro-Oeste,MT,0,0
2020-02-26,Nordeste,AL,0,0
2020-02-26,Nordeste,BA,0,0
2020-02-26,Nordeste,CE,0,0
2020-02-26,Nordeste,MA,0,0
2020-02-26,Nordeste,PB,0,0
2020-02-26,Nordeste,PE,0,0
2020-02-26,Nordeste,PI,0,0
2020-02-26,Nordeste,RN,0,0
2020-02-26,Nordeste,SE,0,0
2020-02-26,Norte,AC,0,0
2020-02-26,Norte,AM,0,0
2020-02-26,Norte,AP,0,0
2020-02-26,Norte,PA,0,0
2020-02-26,Norte,RO,0,0
2020-02-26,Norte,RR,0,0
2020-02-26,Norte,TO,0,0
2020-02-26,Sudeste,ES,0,0
2020-02-26,Sudeste,MG,0,0
2020-02-26,Sudeste,RJ,0,0
2020-02-26,Sudeste,SP,1,0
2020-02-26,Sul,PR,0,0
2020-02-26,Sul,RS,0,0
2020-02-26,Sul,SC,0,0
2020-02-27,Centro-Oeste,DF,0,0
2020-02-27,Centro-Oeste,GO,0,0
2020-02-27,Centro-Oeste,MS,0,0
2020-02-27,Centro-Oeste,MT,0,0
2020-02-27,Nordeste,AL,0,0
2020-02-27,Nordeste,BA,0,0
2020-02-27,Nordeste,CE,0,0
2020-02-27,Nordeste,MA,0,0
2020-02-27,Nordeste,PB,0,0
2020-02-27,Nordeste,PE,0,0
2020-02-27,Nordeste,PI,0,0
2020-02-27,Nordeste,RN,0,0
2020-02-27,Nordeste,SE,0,0
2020-02-27,Norte,AC,0,0
2020-02-27,Norte,AM,0,0
2020-02-27,Norte,AP,0,0
2020-02-27,Norte,PA,0,0
2020-02-27,Norte,RO,0,0
2020-02-27,Norte,RR,0,0
2020-02-27,Norte,TO,0,0
2020-02-27,Sudeste,ES,0,0
2020-02-27,Sudeste,MG,0,0
2020-02-27,Sudeste,RJ,0,0
2020-02-27,Sudeste,SP,1,0
2020-02-27,Sul,PR,0,0
2020-02-27,Sul,RS,0,0
2020-02-27,Sul,SC,0,0
2020-02-28,Centro-Oeste,DF,0,0
2020-02-28,Centro-Oeste,GO,0,0
2020-02-28,Centro-Oeste,MS,0,0
2020-02-28,Centro-Oeste,MT,0,0
2020-02-28,Nordeste,AL,0,0
2020-02-28,Nordeste,BA,0,0
2020-02-28,Nordeste,CE,0,0
2020-02-28,Nordeste,MA,0,0
2020-02-28,Nordeste,PB,0,0
2020-02-28,Nordeste,PE,0,0
2020-02-28,Nordeste,PI,0,0
2020-02-28,Nordeste,RN,0,0
2020-02-28,Nordeste,SE,0,0
2020-02-28,Norte,AC,0,0
2020-02-28,Norte,AM,0,0
2020-02-28,Norte,AP,0,0
2020-02-28,Norte,PA,0,0
2020-02-28,Norte,RO,0,0
2020-02-28,Norte,RR,0,0
2020-02-28,Norte,TO,0,0
2020-02-28,Sudeste,ES,0,0
2020-02-28,Sudeste,MG,0,0
2020-02-28,Sudeste,RJ,0,0
2020-02-28,Sudeste,SP,1,0
2020-02-28,Sul,PR,0,0
2020-02-28,Sul,RS,0,0
2020-02-28,Sul,SC,0,0
2020-02-29,Centro-Oeste,DF,0,0
2020-02-29,Centro-Oeste,GO,0,0
2020-02-29,Centro-Oeste,MS,0,0
2020-02-29,Centro-Oeste,MT,0,0
2020-02-29,Nordeste,AL,0,0
2020-02-29,Nordeste,BA,0,0
2020-02-29,Nordeste,CE,0,0
2020-02-29,Nordeste,MA,0,0
2020-02-29,Nordeste,PB,0,0
2020-02-29,Nordeste,PE,0,0
2020-02-29,Nordeste,PI,0,0
2020-02-29,Nordeste,RN,0,0
2020-02-29,Nordeste,SE,0,0
2020-02-29,Norte,AC,0,0
2020-02-29,Norte,AM,0,0
2020-02-29,Norte,AP,0,0
2020-02-29,Norte,PA,0,0
2020-02-29,Norte,RO,0,0
2020-02-29,Norte,RR,0,0
2020-02-29,Norte,TO,0,0
2020-02-29,Sudeste,ES,0,0
2020-02-29,Sudeste,MG,0,0
2020-02-29,Sudeste,RJ,0,0
2020-02-29,Sudeste,SP,2,0
2020-02-29,Sul,PR,0,0
2020-02-29,Sul,RS,0,0
2020-02-29,Sul,SC,0,0
2020-03-01,Centro-Oeste,DF,0,0
2020-03-01,Centro-Oeste,GO,0,0
2020-03-01,Centro-Oeste,MS,0,0
2020-03-01,Centro-Oeste,MT,0,0
2020-03-01,Nordeste,AL,0,0
2020-03-01,Nordeste,BA,0,0
2020-03-01,Nordeste,CE,0,0
2020-03-01,Nordeste,MA,0,0
2020-03-01,Nordeste,PB,0,0
2020-03-01,Nordeste,PE,0,0
2020-03-01,Nordeste,PI,0,0
2020-03-01,Nordeste,RN,0,0
2020-03-01,Nordeste,SE,0,0
2020-03-01,Norte,AC,0,0
2020-03-01,Norte,AM,0,0
2020-03-01,Norte,AP,0,0
2020-03-01,Norte,PA,0,0
2020-03-01,Norte,RO,0,0
2020-03-01,Norte,RR,0,0
2020-03-01,Norte,TO,0,0
2020-03-01,Sudeste,ES,0,0
2020-03-01,Sudeste,MG,0,0
2020-03-01,Sudeste,RJ,0,0
2020-03-01,Sudeste,SP,2,0
2020-03-01,Sul,PR,0,0
2020-03-01,Sul,RS,0,0
2020-03-01,Sul,SC,0,0
2020-03-02,Centro-Oeste,DF,0,0
2020-03-02,Centro-Oeste,GO,0,0
2020-03-02,Centro-Oeste,MS,0,0
2020-03-02,Centro-Oeste,MT,0,0
2020-03-02,Nordeste,AL,0,0
2020-03-02,Nordeste,BA,0,0
2020-03-02,Nordeste,CE,0,0
2020-03-02,Nordeste,MA,0,0
2020-03-02,Nordeste,PB,0,0
2020-03-02,Nordeste,PE,0,0
2020-03-02,Nordeste,PI,0,0
2020-03-02,Nordeste,RN,0,0
2020-03-02,Nordeste,SE,0,0
2020-03-02,Norte,AC,0,0
2020-03-02,Norte,AM,0,0
2020-03-02,Norte,AP,0,0
2020-03-02,Norte,PA,0,0
2020-03-02,Norte,RO,0,0
2020-03-02,Norte,RR,0,0
2020-03-02,Norte,TO,0,0
2020-03-02,Sudeste,ES,0,0
2020-03-02,Sudeste,MG,0,0
2020-03-02,Sudeste,RJ,0,0
2020-03-02,Sudeste,SP,2,0
2020-03-02,Sul,PR,0,0
2020-03-02,Sul,RS,0,0
2020-03-02,Sul,SC,0,0
2020-03-03,Centro-Oeste,DF,0,0
2020-03-03,Centro-Oeste,GO,0,0
2020-03-03,Centro-Oeste,MS,0,0
2020-03-03,Centro-Oeste,MT,0,0
2020-03-03,Nordeste,AL,0,0
2020-03-03,Nordeste,BA,0,0
2020-03-03,Nordeste,CE,0,0
2020-03-03,Nordeste,MA,0,0
2020-03-03,Nordeste,PB,0,0
2020-03-03,Nordeste,PE,0,0
2020-03-03,Nordeste,PI,0,0
2020-03-03,Nordeste,RN,0,0
2020-03-03,Nordeste,SE,0,0
2020-03-03,Norte,AC,0,0
2020-03-03,Norte,AM,0,0
2020-03-03,Norte,AP,0,0
2020-03-03,Norte,PA,0,0
2020-03-03,Norte,RO,0,0
2020-03-03,Norte,RR,0,0
2020-03-03,Norte,TO,0,0
2020-03-03,Sudeste,ES,0,0
2020-03-03,Sudeste,MG,0,0
2020-03-03,Sudeste,RJ,0,0
2020-03-03,Sudeste,SP,2,0
2020-03-03,Sul,PR,0,0
2020-03-03,Sul,RS,0,0
2020-03-03,Sul,SC,0,0
2020-03-04,Centro-Oeste,DF,0,0
2020-03-04,Centro-Oeste,GO,0,0
2020-03-04,Centro-Oeste,MS,0,0
2020-03-04,Centro-Oeste,MT,0,0
2020-03-04,Nordeste,AL,0,0
2020-03-04,Nordeste,BA,0,0
2020-03-04,Nordeste,CE,0,0
2020-03-04,Nordeste,MA,0,0
2020-03-04,Nordeste,PB,0,0
2020-03-04,Nordeste,PE,0,0
2020-03-04,Nordeste,PI,0,0
2020-03-04,Nordeste,RN,0,0
2020-03-04,Nordeste,SE,0,0
2020-03-04,Norte,AC,0,0
2020-03-04,Norte,AM,0,0
2020-03-04,Norte,AP,0,0
2020-03-04,Norte,PA,0,0
2020-03-04,Norte,RO,0,0
2020-03-04,Norte,RR,0,0
2020-03-04,Norte,TO,0,0
2020-03-04,Sudeste,ES,0,0
2020-03-04,Sudeste,MG,0,0
2020-03-04,Sudeste,RJ,0,0
2020-03-04,Sudeste,SP,3,0
2020-03-04,Sul,PR,0,0
2020-03-04,Sul,RS,0,0
2020-03-04,Sul,SC,0,0
2020-03-05,Centro-Oeste,DF,0,0
2020-03-05,Centro-Oeste,GO,0,0
2020-03-05,Centro-Oeste,MS,0,0
2020-03-05,Centro-Oeste,MT,0,0
2020-03-05,Nordeste,AL,0,0
2020-03-05,Nordeste,BA,0,0
2020-03-05,Nordeste,CE,0,0
2020-03-05,Nordeste,MA,0,0
2020-03-05,Nordeste,PB,0,0
2020-03-05,Nordeste,PE,0,0
2020-03-05,Nordeste,PI,0,0
2020-03-05,Nordeste,RN,0,0
2020-03-05,Nordeste,SE,0,0
2020-03-05,Norte,AC,0,0
2020-03-05,Norte,AM,0,0
2020-03-05,Norte,AP,0,0
2020-03-05,Norte,PA,0,0
2020-03-05,Norte,RO,0,0
2020-03-05,Norte,RR,0,0
2020-03-05,Norte,TO,0,0
2020-03-05,Sudeste,ES,0,0
2020-03-05,Sudeste,MG,0,0
2020-03-05,Sudeste,RJ,1,0
2020-03-05,Sudeste,SP,6,0
2020-03-05,Sul,PR,0,0
2020-03-05,Sul,RS,0,0
2020-03-05,Sul,SC,0,0
2020-03-06,Centro-Oeste,DF,0,0
2020-03-06,Centro-Oeste,GO,0,0
2020-03-06,Centro-Oeste,MS,0,0
2020-03-06,Centro-Oeste,MT,0,0
2020-03-06,Nordeste,AL,0,0
2020-03-06,Nordeste,BA,1,0
2020-03-06,Nordeste,CE,0,0
2020-03-06,Nordeste,MA,0,0
2020-03-06,Nordeste,PB,0,0
2020-03-06,Nordeste,PE,0,0
2020-03-06,Nordeste,PI,0,0
2020-03-06,Nordeste,RN,0,0
2020-03-06,Nordeste,SE,0,0
2020-03-06,Norte,AC,0,0
2020-03-06,Norte,AM,0,0
2020-03-06,Norte,AP,0,0
2020-03-06,Norte,PA,0,0
2020-03-06,Norte,RO,0,0
2020-03-06,Norte,RR,0,0
2020-03-06,Norte,TO,0,0
2020-03-06,Sudeste,ES,1,0
2020-03-06,Sudeste,MG,0,0
2020-03-06,Sudeste,RJ,1,0
2020-03-06,Sudeste,SP,10,0
2020-03-06,Sul,PR,0,0
2020-03-06,Sul,RS,0,0
2020-03-06,Sul,SC,0,0
2020-03-07,Centro-Oeste,DF,1,0
2020-03-07,Centro-Oeste,GO,0,0
2020-03-07,Centro-Oeste,MS,0,0
2020-03-07,Centro-Oeste,MT,0,0
2020-03-07,Nordeste,AL,0,0
2020-03-07,Nordeste,BA,2,0
2020-03-07,Nordeste,CE,0,0
2020-03-07,Nordeste,MA,0,0
2020-03-07,Nordeste,PB,0,0
2020-03-07,Nordeste,PE,0,0
2020-03-07,Nordeste,PI,0,0
2020-03-07,Nordeste,RN,0,0
2020-03-07,Nordeste,SE,0,0
2020-03-07,Norte,AC,0,0
2020-03-07,Norte,AM,0,0
2020-03-07,Norte,AP,0,0
2020-03-07,Norte,PA,0,0
2020-03-07,Norte,RO,0,0
2020-03-07,Norte,RR,0,0
2020-03-07,Norte,TO,0,0
2020-03-07,Sudeste,ES,1,0
2020-03-07,Sudeste,MG,0,0
2020-03-07,Sudeste,RJ,2,0
2020-03-07,Sudeste,SP,13,0
2020-03-07,Sul,PR,0,0
2020-03-07,Sul,RS,0,0
2020-03-07,Sul,SC,0,0
2020-03-08,Centro-Oeste,DF,1,0
2020-03-08,Centro-Oeste,GO,0,0
2020-03-08,Centro-Oeste,MS,0,0
2020-03-08,Centro-Oeste,MT,0,0
2020-03-08,Nordeste,AL,1,0
2020-03-08,Nordeste,BA,2,0
2020-03-08,Nordeste,CE,0,0
2020-03-08,Nordeste,MA,0,0
2020-03-08,Nordeste,PB,0,0
2020-03-08,Nordeste,PE,0,0
2020-03-08,Nordeste,PI,0,0
2020-03-08,Nordeste,RN,0,0
2020-03-08,Nordeste,SE,0,0
2020-03-08,Norte,AC,0,0
2020-03-08,Norte,AM,0,0
2020-03-08,Norte,AP,0,0
2020-03-08,Norte,PA,0,0
2020-03-08,Norte,RO,0,0
2020-03-08,Norte,RR,0,0
2020-03-08,Norte,TO,0,0
2020-03-08,Sudeste,ES,1,0
2020-03-08,Sudeste,MG,1,0
2020-03-08,Sudeste,RJ,3,0
2020-03-08,Sudeste,SP,16,0
2020-03-08,Sul,PR,0,0
2020-03-08,Sul,RS,0,0
2020-03-08,Sul,SC,0,0
2020-03-09,Centro-Oeste,DF,1,0
2020-03-09,Centro-Oeste,GO,0,0
2020-03-09,Centro-Oeste,MS,0,0
2020-03-09,Centro-Oeste,MT,0,0
2020-03-09,Nordeste,AL,1,0
2020-03-09,Nordeste,BA,2,0
2020-03-09,Nordeste,CE,0,0
2020-03-09,Nordeste,MA,0,0
2020-03-09,Nordeste,PB,0,0
2020-03-09,Nordeste,PE,0,0
2020-03-09,Nordeste,PI,0,0
2020-03-09,Nordeste,RN,0,0
2020-03-09,Nordeste,SE,0,0
2020-03-09,Norte,AC,0,0
2020-03-09,Norte,AM,0,0
2020-03-09,Norte,AP,0,0
2020-03-09,Norte,PA,0,0
2020-03-09,Norte,RO,0,0
2020-03-09,Norte,RR,0,0
2020-03-09,Norte,TO,0,0
2020-03-09,Sudeste,ES,1,0
2020-03-09,Sudeste,MG,1,0
2020-03-09,Sudeste,RJ,3,0
2020-03-09,Sudeste,SP,16,0
2020-03-09,Sul,PR,0,0
2020-03-09,Sul,RS,0,0
2020-03-09,Sul,SC,0,0
2020-03-10,Centro-Oeste,DF,1,0
2020-03-10,Centro-Oeste,GO,0,0
2020-03-10,Centro-Oeste,MS,0,0
2020-03-10,Centro-Oeste,MT,0,0
2020-03-10,Nordeste,AL,1,0
2020-03-10,Nordeste,BA,2,0
2020-03-10,Nordeste,CE,0,0
2020-03-10,Nordeste,MA,0,0
2020-03-10,Nordeste,PB,0,0
2020-03-10,Nordeste,PE,0,0
2020-03-10,Nordeste,PI,0,0
2020-03-10,Nordeste,RN,0,0
2020-03-10,Nordeste,SE,0,0
2020-03-10,Norte,AC,0,0
2020-03-10,Norte,AM,0,0
2020-03-10,Norte,AP,0,0
2020-03-10,Norte,PA,0,0
2020-03-10,Norte,RO,0,0
2020-03-10,Norte,RR,0,0
2020-03-10,Norte,TO,0,0
2020-03-10,Sudeste,ES,1,0
2020-03-10,Sudeste,MG,1,0
2020-03-10,Sudeste,RJ,8,0
2020-03-10,Sudeste,SP,19,0
2020-03-10,Sul,PR,0,0
2020-03-10,Sul,RS,1,0
2020-03-10,Sul,SC,0,0
2020-03-11,Centro-Oeste,DF,2,0
2020-03-11,Centro-Oeste,GO,0,0
2020-03-11,Centro-Oeste,MS,0,0
2020-03-11,Centro-Oeste,MT,0,0
2020-03-11,Nordeste,AL,1,0
2020-03-11,Nordeste,BA,2,0
2020-03-11,Nordeste,CE,0,0
2020-03-11,Nordeste,MA,0,0
2020-03-11,Nordeste,PB,0,0
2020-03-11,Nordeste,PE,0,0
2020-03-11,Nordeste,PI,0,0
2020-03-11,Nordeste,RN,0,0
2020-03-11,Nordeste,SE,0,0
2020-03-11,Norte,AC,0,0
2020-03-11,Norte,AM,0,0
2020-03-11,Norte,AP,0,0
2020-03-11,Norte,PA,0,0
2020-03-11,Norte,RO,0,0
2020-03-11,Norte,RR,0,0
2020-03-11,Norte,TO,0,0
2020-03-11,Sudeste,ES,1,0
2020-03-11,Sudeste,MG,1,0
2020-03-11,Sudeste,RJ,13,0
2020-03-11,Sudeste,SP,30,0
2020-03-11,Sul,PR,0,0
2020-03-11,Sul,RS,2,0
2020-03-11,Sul,SC,0,0
2020-03-12,Centro-Oeste,DF,2,0
2020-03-12,Centro-Oeste,GO,0,0
2020-03-12,Centro-Oeste,MS,0,0
2020-03-12,Centro-Oeste,MT,0,0
2020-03-12,Nordeste,AL,1,0
2020-03-12,Nordeste,BA,2,0
2020-03-12,Nordeste,CE,0,0
2020-03-12,Nordeste,MA,0,0
2020-03-12,Nordeste,PB,0,0
2020-03-12,Nordeste,PE,2,0
2020-03-12,Nordeste,PI,0,0
2020-03-12,Nordeste,RN,0,0
2020-03-12,Nordeste,SE,0,0
2020-03-12,Norte,AC,0,0
2020-03-12,Norte,AM,0,0
2020-03-12,Norte,AP,0,0
2020-03-12,Norte,PA,0,0
2020-03-12,Norte,RO,0,0
2020-03-12,Norte,RR,0,0
2020-03-12,Norte,TO,0,0
2020-03-12,Sudeste,ES,1,0
2020-03-12,Sudeste,MG,1,0
2020-03-12,Sudeste,RJ,16,0
2020-03-12,Sudeste,SP,42,0
2020-03-12,Sul,PR,6,0
2020-03-12,Sul,RS,4,0
2020-03-12,Sul,SC,0,0
2020-03-13,Centro-Oeste,DF,2,0
2020-03-13,Centro-Oeste,GO,3,0
2020-03-13,Centro-Oeste,MS,0,0
2020-03-13,Centro-Oeste,MT,0,0
2020-03-13,Nordeste,AL,1,0
2020-03-13,Nordeste,BA,2,0
2020-03-13,Nordeste,CE,0,0
2020-03-13,Nordeste,MA,0,0
2020-03-13,Nordeste,PB,0,0
2020-03-13,Nordeste,PE,2,0
2020-03-13,Nordeste,PI,0,0
2020-03-13,Nordeste,RN,1,0
2020-03-13,Nordeste,SE,0,0
2020-03-13,Norte,AC,0,0
2020-03-13,Norte,AM,0,0
2020-03-13,Norte,AP,0,0
2020-03-13,Norte,PA,0,0
2020-03-13,Norte,RO,0,0
2020-03-13,Norte,RR,0,0
2020-03-13,Norte,TO,0,0
2020-03-13,Sudeste,ES,1,0
2020-03-13,Sudeste,MG,2,0
2020-03-13,Sudeste,RJ,16,0
2020-03-13,Sudeste,SP,56,0
2020-03-13,Sul,PR,6,0
2020-03-13,Sul,RS,4,0
2020-03-13,Sul,SC,2,0
2020-03-14,Centro-Oeste,DF,6,0
2020-03-14,Centro-Oeste,GO,3,0
2020-03-14,Centro-Oeste,MS,0,0
2020-03-14,Centro-Oeste,MT,0,0
2020-03-14,Nordeste,AL,1,0
2020-03-14,Nordeste,BA,2,0
2020-03-14,Nordeste,CE,0,0
2020-03-14,Nordeste,MA,0,0
2020-03-14,Nordeste,PB,0,0
2020-03-14,Nordeste,PE,2,0
2020-03-14,Nordeste,PI,0,0
2020-03-14,Nordeste,RN,1,0
2020-03-14,Nordeste,SE,0,0
2020-03-14,Norte,AC,0,0
2020-03-14,Norte,AM,0,0
2020-03-14,Norte,AP,0,0
2020-03-14,Norte,PA,0,0
2020-03-14,Norte,RO,0,0
2020-03-14,Norte,RR,0,0
2020-03-14,Norte,TO,0,0
2020-03-14,Sudeste,ES,1,0
2020-03-14,Sudeste,MG,2,0
2020-03-14,Sudeste,RJ,22,0
2020-03-14,Sudeste,SP,65,0
2020-03-14,Sul,PR,6,0
2020-03-14,Sul,RS,6,0
2020-03-14,Sul,SC,4,0
2020-03-15,Centro-Oeste,DF,8,0
2020-03-15,Centro-Oeste,GO,3,0
2020-03-15,Centro-Oeste,MS,0,0
2020-03-15,Centro-Oeste,MT,0,0
2020-03-15,Nordeste,AL,1,0
2020-03-15,Nordeste,BA,2,0
2020-03-15,Nordeste,CE,0,0
2020-03-15,Nordeste,MA,0,0
2020-03-15,Nordeste,PB,0,0
2020-03-15,Nordeste,PE,2,0
2020-03-15,Nordeste,PI,0,0
2020-03-15,Nordeste,RN,1,0
2020-03-15,Nordeste,SE,1,0
2020-03-15,Norte,AC,0,0
2020-03-15,Norte,AM,1,0
2020-03-15,Norte,AP,0,0
2020-03-15,Norte,PA,0,0
2020-03-15,Norte,RO,0,0
2020-03-15,Norte,RR,0,0
2020-03-15,Norte,TO,0,0
2020-03-15,Sudeste,ES,1,0
2020-03-15,Sudeste,MG,2,0
2020-03-15,Sudeste,RJ,24,0
2020-03-15,Sudeste,SP,136,0
2020-03-15,Sul,PR,6,0
2020-03-15,Sul,RS,6,0
2020-03-15,Sul,SC,6,0
2020-03-16,Centro-Oeste,DF,13,0
2020-03-16,Centro-Oeste,GO,3,0
2020-03-16,Centro-Oeste,MS,2,0
2020-03-16,Centro-Oeste,MT,0,0
2020-03-16,Nordeste,AL,1,0
2020-03-16,Nordeste,BA,2,0
2020-03-16,Nordeste,CE,0,0
2020-03-16,Nordeste,MA,0,0
2020-03-16,Nordeste,PB,0,0
2020-03-16,Nordeste,PE,2,0
2020-03-16,Nordeste,PI,0,0
2020-03-16,Nordeste,RN,1,0
2020-03-16,Nordeste,SE,1,0
2020-03-16,Norte,AC,0,0
2020-03-16,Norte,AM,1,0
2020-03-16,Norte,AP,0,0
2020-03-16,Norte,PA,0,0
2020-03-16,Norte,RO,0,0
2020-03-16,Norte,RR,0,0
2020-03-16,Norte,TO,0,0
2020-03-16,Sudeste,ES,1,0
2020-03-16,Sudeste,MG,5,0
2020-03-16,Sudeste,RJ,31,0
2020-03-16,Sudeste,SP,152,0
2020-03-16,Sul,PR,6,0
2020-03-16,Sul,RS,6,0
2020-03-16,Sul,SC,7,0
2020-03-17,Centro-Oeste,DF,22,0
2020-03-17,Centro-Oeste,GO,6,0
2020-03-17,Centro-Oeste,MS,4,0
2020-03-17,Centro-Oeste,MT,0,0
2020-03-17,Nordeste,AL,1,0
2020-03-17,Nordeste,BA,3,0
2020-03-17,Nordeste,CE,5,0
2020-03-17,Nordeste,MA,0,0
2020-03-17,Nordeste,PB,0,0
2020-03-17,Nordeste,PE,16,0
2020-03-17,Nordeste,PI,0,0
2020-03-17,Nordeste,RN,1,0
2020-03-17,Nordeste,SE,4,0
2020-03-17,Norte,AC,0,0
2020-03-17,Norte,AM,1,0
2020-03-17,Norte,AP,0,0
2020-03-17,Norte,PA,0,0
2020-03-17,Norte,RO,0,0
2020-03-17,Norte,RR,0,0
2020-03-17,Norte,TO,0,0
2020-03-17,Sudeste,ES,1,0
2020-03-17,Sudeste,MG,7,0
2020-03-17,Sudeste,RJ,33,0
2020-03-17,Sudeste,SP,164,1
2020-03-17,Sul,PR,6,0
2020-03-17,Sul,RS,10,0
2020-03-17,Sul,SC,7,0
2020-03-18,Centro-Oeste,DF,26,0
2020-03-18,Centro-Oeste,GO,8,0
2020-03-18,Centro-Oeste,MS,7,0
2020-03-18,Centro-Oeste,MT,0,0
2020-03-18,Nordeste,AL,1,0
2020-03-18,Nordeste,BA,3,0
2020-03-18,Nordeste,CE,9,0
2020-03-18,Nordeste,MA,0,0
2020-03-18,Nordeste,PB,0,0
2020-03-18,Nordeste,PE,16,0
2020-03-18,Nordeste,PI,0,0
2020-03-18,Nordeste,RN,1,0
2020-03-18,Nordeste,SE,5,0
2020-03-18,Norte,AC,0,0
2020-03-18,Norte,AM,1,0
2020-03-18,Norte,AP,0,0
2020-03-18,Norte,PA,0,0
2020-03-18,Norte,RO,0,0
2020-03-18,Norte,RR,0,0
2020-03-18,Norte,TO,0,0
2020-03-18,Sudeste,ES,9,0
2020-03-18,Sudeste,MG,15,0
2020-03-18,Sudeste,RJ,45,0
2020-03-18,Sudeste,SP,240,4
2020-03-18,Sul,PR,13,0
2020-03-18,Sul,RS,19,0
2020-03-18,Sul,SC,10,0
2020-03-19,Centro-Oeste,DF,42,0
2020-03-19,Centro-Oeste,GO,12,0
2020-03-19,Centro-Oeste,MS,7,0
2020-03-19,Centro-Oeste,MT,0,0
2020-03-19,Nordeste,AL,4,0
2020-03-19,Nordeste,BA,30,0
2020-03-19,Nordeste,CE,20,0
2020-03-19,Nordeste,MA,0,0
2020-03-19,Nordeste,PB,1,0
2020-03-19,Nordeste,PE,28,0
2020-03-19,Nordeste,PI,0,0
2020-03-19,Nordeste,RN,1,0
2020-03-19,Nordeste,SE,6,0
2020-03-19,Norte,AC,3,0
2020-03-19,Norte,AM,3,0
2020-03-19,Norte,AP,0,0
2020-03-19,Norte,PA,1,0
2020-03-19,Norte,RO,0,0
2020-03-19,Norte,RR,0,0
2020-03-19,Norte,TO,1,0
2020-03-19,Sudeste,ES,11,0
2020-03-19,Sudeste,MG,29,0
2020-03-19,Sudeste,RJ,65,2
2020-03-19,Sudeste,SP,286,4
2020-03-19,Sul,PR,23,0
2020-03-19,Sul,RS,28,0
2020-03-19,Sul,SC,20,0
2020-03-20,Centro-Oeste,DF,87,0
2020-03-20,Centro-Oeste,GO,15,0
2020-03-20,Centro-Oeste,MS,9,0
2020-03-20,Centro-Oeste,MT,1,0
2020-03-20,Nordeste,AL,5,0
2020-03-20,Nordeste,BA,33,0
2020-03-20,Nordeste,CE,55,0
2020-03-20,Nordeste,MA,0,0
2020-03-20,Nordeste,PB,1,0
2020-03-20,Nordeste,PE,30,0
2020-03-20,Nordeste,PI,3,0
2020-03-20,Nordeste,RN,1,0
2020-03-20,Nordeste,SE,6,0
2020-03-20,Norte,AC,7,0
2020-03-20,Norte,AM,3,0
2020-03-20,Norte,AP,1,0
2020-03-20,Norte,PA,2,0
2020-03-20,Norte,RO,1,0
2020-03-20,Norte,RR,0,0
2020-03-20,Norte,TO,1,0
2020-03-20,Sudeste,ES,13,0
2020-03-20,Sudeste,MG,35,0
2020-03-20,Sudeste,RJ,109,2
2020-03-20,Sudeste,SP,396,9
2020-03-20,Sul,PR,32,0
2020-03-20,Sul,RS,37,0
2020-03-20,Sul,SC,21,0
2020-03-21,Centro-Oeste,DF,100,0
2020-03-21,Centro-Oeste,GO,20,0
2020-03-21,Centro-Oeste,MS,16,0
2020-03-21,Centro-Oeste,MT,2,0
2020-03-21,Nordeste,AL,7,0
2020-03-21,Nordeste,BA,41,0
2020-03-21,Nordeste,CE,68,0
2020-03-21,Nordeste,MA,1,0
2020-03-21,Nordeste,PB,1,0
2020-03-21,Nordeste,PE,30,0
2020-03-21,Nordeste,PI,4,0
2020-03-21,Nordeste,RN,6,0
2020-03-21,Nordeste,SE,10,0
2020-03-21,Norte,AC,9,0
2020-03-21,Norte,AM,11,0
2020-03-21,Norte,AP,1,0
2020-03-21,Norte,PA,2,0
2020-03-21,Norte,RO,1,0
2020-03-21,Norte,RR,0,0
2020-03-21,Norte,TO,2,0
2020-03-21,Sudeste,ES,26,0
2020-03-21,Sudeste,MG,38,0
2020-03-21,Sudeste,RJ,119,3
2020-03-21,Sudeste,SP,459,15
2020-03-21,Sul,PR,43,0
2020-03-21,Sul,RS,60,0
2020-03-21,Sul,SC,51,0
2020-03-22,Centro-Oeste,DF,117,0
2020-03-22,Centro-Oeste,GO,21,0
2020-03-22,Centro-Oeste,MS,21,0
2020-03-22,Centro-Oeste,MT,2,0
2020-03-22,Nordeste,AL,7,0
2020-03-22,Nordeste,BA,49,0
2020-03-22,Nordeste,CE,112,0
2020-03-22,Nordeste,MA,2,0
2020-03-22,Nordeste,PB,1,0
2020-03-22,Nordeste,PE,37,0
2020-03-22,Nordeste,PI,4,0
2020-03-22,Nordeste,RN,9,0
2020-03-22,Nordeste,SE,10,0
2020-03-22,Norte,AC,11,0
2020-03-22,Norte,AM,26,0
2020-03-22,Norte,AP,1,0
2020-03-22,Norte,PA,4,0
2020-03-22,Norte,RO,3,0
2020-03-22,Norte,RR,2,0
2020-03-22,Norte,TO,2,0
2020-03-22,Sudeste,ES,26,0
2020-03-22,Sudeste,MG,83,0
2020-03-22,Sudeste,RJ,186,3
2020-03-22,Sudeste,SP,631,22
2020-03-22,Sul,PR,50,0
2020-03-22,Sul,RS,72,0
2020-03-22,Sul,SC,57,0
2020-03-23,Centro-Oeste,DF,133,0
2020-03-23,Centro-Oeste,GO,23,0
2020-03-23,Centro-Oeste,MS,21,0
2020-03-23,Centro-Oeste,MT,2,0
2020-03-23,Nordeste,AL,7,0
2020-03-23,Nordeste,BA,63,0
2020-03-23,Nordeste,CE,163,0
2020-03-23,Nordeste,MA,2,0
2020-03-23,Nordeste,PB,2,0
2020-03-23,Nordeste,PE,42,0
2020-03-23,Nordeste,PI,6,0
2020-03-23,Nordeste,RN,13,0
2020-03-23,Nordeste,SE,10,0
2020-03-23,Norte,AC,11,0
2020-03-23,Norte,AM,32,0
2020-03-23,Norte,AP,1,0
2020-03-23,Norte,PA,5,0
2020-03-23,Norte,RO,3,0
2020-03-23,Norte,RR,2,0
2020-03-23,Norte,TO,5,0
2020-03-23,Sudeste,ES,29,0
2020-03-23,Sudeste,MG,128,0
2020-03-23,Sudeste,RJ,233,4
2020-03-23,Sudeste,SP,745,30
2020-03-23,Sul,PR,56,0
2020-03-23,Sul,RS,86,0
2020-03-23,Sul,SC,68,0
2020-03-24,Centro-Oeste,DF,160,0
2020-03-24,Centro-Oeste,GO,27,0
2020-03-24,Centro-Oeste,MS,23,0
2020-03-24,Centro-Oeste,MT,7,0
2020-03-24,Nordeste,AL,9,0
2020-03-24,Nordeste,BA,76,0
2020-03-24,Nordeste,CE,182,0
2020-03-24,Nordeste,MA,8,0
2020-03-24,Nordeste,PB,3,0
2020-03-24,Nordeste,PE,42,0
2020-03-24,Nordeste,PI,6,0
2020-03-24,Nordeste,RN,13,0
2020-03-24,Nordeste,SE,15,0
2020-03-24,Norte,AC,17,0
2020-03-24,Norte,AM,47,0
2020-03-24,Norte,AP,1,0
2020-03-24,Norte,PA,5,0
2020-03-24,Norte,RO,3,0
2020-03-24,Norte,RR,2,0
2020-03-24,Norte,TO,7,0
2020-03-24,Sudeste,ES,33,0
2020-03-24,Sudeste,MG,130,0
2020-03-24,Sudeste,RJ,305,6
2020-03-24,Sudeste,SP,810,40
2020-03-24,Sul,PR,65,0
2020-03-24,Sul,RS,98,0
2020-03-24,Sul,SC,107,0
2020-03-25,Centro-Oeste,DF,160,0
2020-03-25,Centro-Oeste,GO,29,0
2020-03-25,Centro-Oeste,MS,24,0
2020-03-25,Centro-Oeste,MT,8,0
2020-03-25,Nordeste,AL,11,0
2020-03-25,Nordeste,BA,84,0
2020-03-25,Nordeste,CE,200,0
2020-03-25,Nordeste,MA,8,0
2020-03-25,Nordeste,PB,3,0
2020-03-25,Nordeste,PE,46,1
2020-03-25,Nordeste,PI,8,0
2020-03-25,Nordeste,RN,14,0
2020-03-25,Nordeste,SE,16,0
2020-03-25,Norte,AC,23,0
2020-03-25,Norte,AM,54,1
2020-03-25,Norte,AP,1,0
2020-03-25,Norte,PA,7,0
2020-03-25,Norte,RO,5,0
2020-03-25,Norte,RR,8,0
2020-03-25,Norte,TO,7,0
2020-03-25,Sudeste,ES,39,0
2020-03-25,Sudeste,MG,133,0
2020-03-25,Sudeste,RJ,370,6
2020-03-25,Sudeste,SP,862,48
2020-03-25,Sul,PR,81,0
2020-03-25,Sul,RS,123,1
2020-03-25,Sul,SC,109,0
2020-03-26,Centro-Oeste,DF,200,0
2020-03-26,Centro-Oeste,GO,39,1
2020-03-26,Centro-Oeste,MS,25,0
2020-03-26,Centro-Oeste,MT,11,0
2020-03-26,Nordeste,AL,11,0
2020-03-26,Nordeste,BA,104,0
2020-03-26,Nordeste,CE,235,3
2020-03-26,Nordeste,MA,10,0
2020-03-26,Nordeste,PB,5,0
2020-03-26,Nordeste,PE,48,3
2020-03-26,Nordeste,PI,9,0
2020-03-26,Nordeste,RN,19,0
2020-03-26,Nordeste,SE,16,0
2020-03-26,Norte,AC,24,0
2020-03-26,Norte,AM,67,1
2020-03-26,Norte,AP,2,0
2020-03-26,Norte,PA,13,0
2020-03-26,Norte,RO,5,0
2020-03-26,Norte,RR,8,0
2020-03-26,Norte,TO,7,0
2020-03-26,Sudeste,ES,39,0
2020-03-26,Sudeste,MG,153,0
2020-03-26,Sudeste,RJ,421,9
2020-03-26,Sudeste,SP,1052,58
2020-03-26,Sul,PR,102,0
2020-03-26,Sul,RS,168,1
2020-03-26,Sul,SC,122,1
2020-03-27,Centro-Oeste,DF,230,0
2020-03-27,Centro-Oeste,GO,49,1
2020-03-27,Centro-Oeste,MS,28,0
2020-03-27,Centro-Oeste,MT,11,0
2020-03-27,Nordeste,AL,11,0
2020-03-27,Nordeste,BA,115,0
2020-03-27,Nordeste,CE,282,3
2020-03-27,Nordeste,MA,13,0
2020-03-27,Nordeste,PB,9,0
2020-03-27,Nordeste,PE,56,4
2020-03-27,Nordeste,PI,9,0
2020-03-27,Nordeste,RN,28,0
2020-03-27,Nordeste,SE,16,0
2020-03-27,Norte,AC,25,0
2020-03-27,Norte,AM,81,1
2020-03-27,Norte,AP,2,0
2020-03-27,Norte,PA,13,0
2020-03-27,Norte,RO,6,0
2020-03-27,Norte,RR,10,0
2020-03-27,Norte,TO,8,0
2020-03-27,Sudeste,ES,47,0
2020-03-27,Sudeste,MG,189,0
2020-03-27,Sudeste,RJ,493,10
2020-03-27,Sudeste,SP,1223,68
2020-03-27,Sul,PR,119,2
2020-03-27,Sul,RS,195,2
2020-03-27,Sul,SC,149,1
2020-03-28,Centro-Oeste,DF,260,0
2020-03-28,Centro-Oeste,GO,56,1
2020-03-28,Centro-Oeste,MS,31,0
2020-03-28,Centro-Oeste,MT,13,0
2020-03-28,Nordeste,AL,14,0
2020-03-28,Nordeste,BA,127,0
2020-03-28,Nordeste,CE,314,4
2020-03-28,Nordeste,MA,14,0
2020-03-28,Nordeste,PB,14,0
2020-03-28,Nordeste,PE,68,5
2020-03-28,Nordeste,PI,11,1
2020-03-28,Nordeste,RN,45,0
2020-03-28,Nordeste,SE,16,0
2020-03-28,Norte,AC,25,0
2020-03-28,Norte,AM,111,1
2020-03-28,Norte,AP,4,0
2020-03-28,Norte,PA,17,0
2020-03-28,Norte,RO,6,0
2020-03-28,Norte,RR,12,0
2020-03-28,Norte,TO,9,0
2020-03-28,Sudeste,ES,53,0
2020-03-28,Sudeste,MG,205,0
2020-03-28,Sudeste,RJ,558,13
2020-03-28,Sudeste,SP,1406,84
2020-03-28,Sul,PR,133,2
2020-03-28,Sul,RS,197,2
2020-03-28,Sul,SC,184,1
2020-03-29,Centro-Oeste,DF,289,1
2020-03-29,Centro-Oeste,GO,58,1
2020-03-29,Centro-Oeste,MS,36,0
2020-03-29,Centro-Oeste,MT,16,0
2020-03-29,Nordeste,AL,17,0
2020-03-29,Nordeste,BA,154,1
2020-03-29,Nordeste,CE,348,5
2020-03-29,Nordeste,MA,16,0
2020-03-29,Nordeste,PB,14,0
2020-03-29,Nordeste,PE,73,5
2020-03-29,Nordeste,PI,14,1
2020-03-29,Nordeste,RN,68,1
2020-03-29,Nordeste,SE,16,0
2020-03-29,Norte,AC,34,0
2020-03-29,Norte,AM,140,1
2020-03-29,Norte,AP,4,0
2020-03-29,Norte,PA,18,0
2020-03-29,Norte,RO,6,0
2020-03-29,Norte,RR,16,0
2020-03-29,Norte,TO,9,0
2020-03-29,Sudeste,ES,60,0
2020-03-29,Sudeste,MG,231,0
2020-03-29,Sudeste,RJ,600,17
2020-03-29,Sudeste,SP,1451,98
2020-03-29,Sul,PR,148,2
2020-03-29,Sul,RS,226,2
2020-03-29,Sul,SC,194,1
2020-03-30,Centro-Oeste,DF,312,1
2020-03-30,Centro-Oeste,GO,61,1
2020-03-30,Centro-Oeste,MS,44,0
2020-03-30,Centro-Oeste,MT,18,0
2020-03-30,Nordeste,AL,17,0
2020-03-30,Nordeste,BA,176,1
2020-03-30,Nordeste,CE,372,5
2020-03-30,Nordeste,MA,23,1
2020-03-30,Nordeste,PB,15,0
2020-03-30,Nordeste,PE,78,6
2020-03-30,Nordeste,PI,16,3
2020-03-30,Nordeste,RN,77,1
2020-03-30,Nordeste,SE,16,0
2020-03-30,Norte,AC,42,0
2020-03-30,Norte,AM,151,1
2020-03-30,Norte,AP,8,0
2020-03-30,Norte,PA,21,0
2020-03-30,Norte,RO,6,0
2020-03-30,Norte,RR,16,0
2020-03-30,Norte,TO,10,0
2020-03-30,Sudeste,ES,72,0
2020-03-30,Sudeste,MG,261,1
2020-03-30,Sudeste,RJ,657,18
2020-03-30,Sudeste,SP,1517,113
2020-03-30,Sul,PR,155,3
2020-03-30,Sul,RS,241,3
2020-03-30,Sul,SC,197,1
2020-03-31,Centro-Oeste,DF,332,3
2020-03-31,Centro-Oeste,GO,65,1
2020-03-31,Centro-Oeste,MS,48,1
2020-03-31,Centro-Oeste,MT,25,0
2020-03-31,Nordeste,AL,18,1
2020-03-31,Nordeste,BA,213,2
2020-03-31,Nordeste,CE,390,7
2020-03-31,Nordeste,MA,31,1
2020-03-31,Nordeste,PB,17,0
2020-03-31,Nordeste,PE,87,6
2020-03-31,Nordeste,PI,18,4
2020-03-31,Nordeste,RN,82,1
2020-03-31,Nordeste,SE,19,0
2020-03-31,Norte,AC,42,0
2020-03-31,Norte,AM,175,3
2020-03-31,Norte,AP,10,0
2020-03-31,Norte,PA,32,0
2020-03-31,Norte,RO,8,1
2020-03-31,Norte,RR,16,0
2020-03-31,Norte,TO,11,0
2020-03-31,Sudeste,ES,84,0
2020-03-31,Sudeste,MG,275,2
2020-03-31,Sudeste,RJ,708,23
2020-03-31,Sudeste,SP,2339,136
2020-03-31,Sul,PR,179,3
2020-03-31,Sul,RS,274,4
2020-03-31,Sul,SC,219,2
2020-04-01,Centro-Oeste,DF,355,3
2020-04-01,Centro-Oeste,GO,71,1
2020-04-01,Centro-Oeste,MS,51,1
2020-04-01,Centro-Oeste,MT,27,0
2020-04-01,Nordeste,AL,18,1
2020-04-01,Nordeste,BA,246,2
2020-04-01,Nordeste,CE,444,8
2020-04-01,Nordeste,MA,52,1
2020-04-01,Nordeste,PB,20,1
2020-04-01,Nordeste,PE,95,8
2020-04-01,Nordeste,PI,18,4
2020-04-01,Nordeste,RN,92,2
2020-04-01,Nordeste,SE,20,0
2020-04-01,Norte,AC,43,0
2020-04-01,Norte,AM,200,3
2020-04-01,Norte,AP,11,0
2020-04-01,Norte,PA,40,1
2020-04-01,Norte,RO,9,1
2020-04-01,Norte,RR,22,0
2020-04-01,Norte,TO,12,0
2020-04-01,Sudeste,ES,96,0
2020-04-01,Sudeste,MG,314,3
2020-04-01,Sudeste,RJ,832,28
2020-04-01,Sudeste,SP,2981,164
2020-04-01,Sul,PR,224,3
2020-04-01,Sul,RS,306,4
2020-04-01,Sul,SC,235,2
2020-04-02,Centro-Oeste,DF,370,4
2020-04-02,Centro-Oeste,GO,73,1
2020-04-02,Centro-Oeste,MS,53,1
2020-04-02,Centro-Oeste,MT,36,0
2020-04-02,Nordeste,AL,18,1
2020-04-02,Nordeste,BA,267,3
2020-04-02,Nordeste,CE,550,20
2020-04-02,Nordeste,MA,71,1
2020-04-02,Nordeste,PB,21,1
2020-04-02,Nordeste,PE,106,9
2020-04-02,Nordeste,PI,19,4
2020-04-02,Nordeste,RN,105,2
2020-04-02,Nordeste,SE,23,2
2020-04-02,Norte,AC,43,0
2020-04-02,Norte,AM,229,3
2020-04-02,Norte,AP,11,0
2020-04-02,Norte,PA,46,1
2020-04-02,Norte,RO,10,1
2020-04-02,Norte,RR,26,0
2020-04-02,Norte,TO,12,0
2020-04-02,Sudeste,ES,120,1
2020-04-02,Sudeste,MG,370,4
2020-04-02,Sudeste,RJ,992,41
2020-04-02,Sudeste,SP,3506,188
2020-04-02,Sul,PR,252,4
2020-04-02,Sul,RS,334,5
2020-04-02,Sul,SC,247,2
2020-04-03,Centro-Oeste,DF,402,5
2020-04-03,Centro-Oeste,GO,88,2
2020-04-03,Centro-Oeste,MS,60,1
2020-04-03,Centro-Oeste,MT,44,1
2020-04-03,Nordeste,AL,22,2
2020-04-03,Nordeste,BA,282,5
2020-04-03,Nordeste,CE,627,22
2020-04-03,Nordeste,MA,81,1
2020-04-03,Nordeste,PB,29,1
2020-04-03,Nordeste,PE,136,10
2020-04-03,Nordeste,PI,21,4
2020-04-03,Nordeste,RN,176,4
2020-04-03,Nordeste,SE,25,2
2020-04-03,Norte,AC,46,0
2020-04-03,Norte,AM,260,7
2020-04-03,Norte,AP,19,0
2020-04-03,Norte,PA,50,1
2020-04-03,Norte,RO,10,1
2020-04-03,Norte,RR,30,0
2020-04-03,Norte,TO,12,0
2020-04-03,Sudeste,ES,139,4
2020-04-03,Sudeste,MG,397,6
2020-04-03,Sudeste,RJ,1074,47
2020-04-03,Sudeste,SP,4048,219
2020-04-03,Sul,PR,301,4
2020-04-03,Sul,RS,396,5
2020-04-03,Sul,SC,281,5
2020-04-04,Centro-Oeste,DF,454,7
2020-04-04,Centro-Oeste,GO,103,2
2020-04-04,Centro-Oeste,MS,62,1
2020-04-04,Centro-Oeste,MT,56,1
2020-04-04,Nordeste,AL,23,2
2020-04-04,Nordeste,BA,332,7
2020-04-04,Nordeste,CE,730,22
2020-04-04,Nordeste,MA,88,1
2020-04-04,Nordeste,PB,32,2
2020-04-04,Nordeste,PE,176,14
2020-04-04,Nordeste,PI,22,4
2020-04-04,Nordeste,RN,212,5
2020-04-04,Nordeste,SE,27,2
2020-04-04,Norte,AC,46,0
2020-04-04,Norte,AM,311,12
2020-04-04,Norte,AP,28,1
2020-04-04,Norte,PA,80,1
2020-04-04,Norte,RO,11,1
2020-04-04,Norte,RR,37,1
2020-04-04,Norte,TO,14,0
2020-04-04,Sudeste,ES,153,5
2020-04-04,Sudeste,MG,430,6
2020-04-04,Sudeste,RJ,1246,58
2020-04-04,Sudeste,SP,4466,260
2020-04-04,Sul,PR,395,6
2020-04-04,Sul,RS,410,6
2020-04-04,Sul,SC,334,5
2020-04-05,Centro-Oeste,DF,468,7
2020-04-05,Centro-Oeste,GO,115,3
2020-04-05,Centro-Oeste,MS,65,1
2020-04-05,Centro-Oeste,MT,60,1
2020-04-05,Nordeste,AL,28,2
2020-04-05,Nordeste,BA,401,9
2020-04-05,Nordeste,CE,823,26
2020-04-05,Nordeste,MA,96,2
2020-04-05,Nordeste,PB,34,4
2020-04-05,Nordeste,PE,201,21
2020-04-05,Nordeste,PI,23,4
2020-04-05,Nordeste,RN,242,7
2020-04-05,Nordeste,SE,32,3
2020-04-05,Norte,AC,48,0
2020-04-05,Norte,AM,417,14
2020-04-05,Norte,AP,29,2
2020-04-05,Norte,PA,86,1
2020-04-05,Norte,RO,12,1
2020-04-05,Norte,RR,42,1
2020-04-05,Norte,TO,17,0
2020-04-05,Sudeste,ES,166,6
2020-04-05,Sudeste,MG,498,6
2020-04-05,Sudeste,RJ,1394,64
2020-04-05,Sudeste,SP,4620,275
2020-04-05,Sul,PR,438,9
2020-04-05,Sul,RS,418,7
2020-04-05,Sul,SC,357,10
2020-04-06,Centro-Oeste,DF,473,10
2020-04-06,Centro-Oeste,GO,119,5
2020-04-06,Centro-Oeste,MS,66,1
2020-04-06,Centro-Oeste,MT,76,1
2020-04-06,Nordeste,AL,31,2
2020-04-06,Nordeste,BA,431,10
2020-04-06,Nordeste,CE,1013,29
2020-04-06,Nordeste,MA,133,2
2020-04-06,Nordeste,PB,35,4
2020-04-06,Nordeste,PE,223,30
2020-04-06,Nordeste,PI,23,4
2020-04-06,Nordeste,RN,246,7
2020-04-06,Nordeste,SE,32,4
2020-04-06,Norte,AC,50,0
2020-04-06,Norte,AM,532,19
2020-04-06,Norte,AP,34,2
2020-04-06,Norte,PA,102,3
2020-04-06,Norte,RO,14,1
2020-04-06,Norte,RR,42,1
2020-04-06,Norte,TO,17,0
2020-04-06,Sudeste,ES,194,6
2020-04-06,Sudeste,MG,525,9
2020-04-06,Sudeste,RJ,1461,71
2020-04-06,Sudeste,SP,4866,304
2020-04-06,Sul,PR,458,11
2020-04-06,Sul,RS,481,7
2020-04-06,Sul,SC,379,10
2020-04-07,Centro-Oeste,DF,492,12
2020-04-07,Centro-Oeste,GO,133,5
2020-04-07,Centro-Oeste,MS,80,2
2020-04-07,Centro-Oeste,MT,78,1
2020-04-07,Nordeste,AL,32,2
2020-04-07,Nordeste,BA,456,12
2020-04-07,Nordeste,CE,1051,31
2020-04-07,Nordeste,MA,172,4
2020-04-07,Nordeste,PB,36,4
2020-04-07,Nordeste,PE,352,34
2020-04-07,Nordeste,PI,28,4
2020-04-07,Nordeste,RN,254,8
2020-04-07,Nordeste,SE,36,4
2020-04-07,Norte,AC,50,1
2020-04-07,Norte,AM,636,23
2020-04-07,Norte,AP,48,2
2020-04-07,Norte,PA,138,5
2020-04-07,Norte,RO,18,1
2020-04-07,Norte,RR,42,1
2020-04-07,Norte,TO,19,0
2020-04-07,Sudeste,ES,209,6
2020-04-07,Sudeste,MG,559,11
2020-04-07,Sudeste,RJ,1688,89
2020-04-07,Sudeste,SP,5682,371
2020-04-07,Sul,PR,503,15
2020-04-07,Sul,RS,508,8
2020-04-07,Sul,SC,417,11
2020-04-08,Centro-Oeste,DF,509,12
2020-04-08,Centro-Oeste,GO,158,7
2020-04-08,Centro-Oeste,MS,85,2
2020-04-08,Centro-Oeste,MT,90,1
2020-04-08,Nordeste,AL,37,2
2020-04-08,Nordeste,BA,497,15
2020-04-08,Nordeste,CE,1291,43
2020-04-08,Nordeste,MA,230,11
2020-04-08,Nordeste,PB,41,4
2020-04-08,Nordeste,PE,401,46
2020-04-08,Nordeste,PI,31,5
2020-04-08,Nordeste,RN,261,11
2020-04-08,Nordeste,SE,36,4
2020-04-08,Norte,AC,54,2
2020-04-08,Norte,AM,804,30
2020-04-08,Norte,AP,107,2
2020-04-08,Norte,PA,167,6
2020-04-08,Norte,RO,18,1
2020-04-08,Norte,RR,49,1
2020-04-08,Norte,TO,23,0
2020-04-08,Sudeste,ES,227,6
2020-04-08,Sudeste,MG,614,14
2020-04-08,Sudeste,RJ,1938,106
2020-04-08,Sudeste,SP,6708,428
2020-04-08,Sul,PR,539,17
2020-04-08,Sul,RS,555,9
2020-04-08,Sul,SC,457,15
2020-04-09,Centro-Oeste,DF,527,13
2020-04-09,Centro-Oeste,GO,179,7
2020-04-09,Centro-Oeste,MS,89,2
2020-04-09,Centro-Oeste,MT,108,2
2020-04-09,Nordeste,AL,37,3
2020-04-09,Nordeste,BA,559,19
2020-04-09,Nordeste,CE,1425,55
2020-04-09,Nordeste,MA,273,12
2020-04-09,Nordeste,PB,55,7
2020-04-09,Nordeste,PE,555,56
2020-04-09,Nordeste,PI,38,6
2020-04-09,Nordeste,RN,261,11
2020-04-09,Nordeste,SE,39,4
2020-04-09,Norte,AC,62,2
2020-04-09,Norte,AM,899,40
2020-04-09,Norte,AP,128,2
2020-04-09,Norte,PA,168,7
2020-04-09,Norte,RO,28,2
2020-04-09,Norte,RR,52,1
2020-04-09,Norte,TO,23,0
2020-04-09,Sudeste,ES,273,6
2020-04-09,Sudeste,MG,655,15
2020-04-09,Sudeste,RJ,2216,122
2020-04-09,Sudeste,SP,7480,496
2020-04-09,Sul,PR,609,22
2020-04-09,Sul,RS,618,12
2020-04-09,Sul,SC,501,17
2020-04-10,Centro-Oeste,DF,555,14
2020-04-10,Centro-Oeste,GO,191,8
2020-04-10,Centro-Oeste,MS,97,2
2020-04-10,Centro-Oeste,MT,112,2
2020-04-10,Nordeste,AL,45,3
2020-04-10,Nordeste,BA,604,19
2020-04-10,Nordeste,CE,1478,58
2020-04-10,Nordeste,MA,293,16
2020-04-10,Nordeste,PB,79,11
2020-04-10,Nordeste,PE,684,65
2020-04-10,Nordeste,PI,40,7
2020-04-10,Nordeste,RN,263,11
2020-04-10,Nordeste,SE,42,4
2020-04-10,Norte,AC,70,2
2020-04-10,Norte,AM,981,50
2020-04-10,Norte,AP,166,2
2020-04-10,Norte,PA,170,9
2020-04-10,Norte,RO,32,2
2020-04-10,Norte,RR,63,3
2020-04-10,Norte,TO,23,0
2020-04-10,Sudeste,ES,300,7
2020-04-10,Sudeste,MG,698,17
2020-04-10,Sudeste,RJ,2464,147
2020-04-10,Sudeste,SP,8216,540
2020-04-10,Sul,PR,643,25
2020-04-10,Sul,RS,636,14
2020-04-10,Sul,SC,693,18
2020-04-11,Centro-Oeste,DF,579,14
2020-04-11,Centro-Oeste,GO,209,10
2020-04-11,Centro-Oeste,MS,100,2
2020-04-11,Centro-Oeste,MT,121,3
2020-04-11,Nordeste,AL,48,3
2020-04-11,Nordeste,BA,635,21
2020-04-11,Nordeste,CE,1582,67
2020-04-11,Nordeste,MA,344,21
2020-04-11,Nordeste,PB,85,11
2020-04-11,Nordeste,PE,816,72
2020-04-11,Nordeste,PI,41,7
2020-04-11,Nordeste,RN,289,13
2020-04-11,Nordeste,SE,42,4
2020-04-11,Norte,AC,72,2
2020-04-11,Norte,AM,1050,53
2020-04-11,Norte,AP,193,3
2020-04-11,Norte,PA,217,10
2020-04-11,Norte,RO,33,2
2020-04-11,Norte,RR,75,3
2020-04-11,Norte,TO,23,0
2020-04-11,Sudeste,ES,349,9
2020-04-11,Sudeste,MG,750,17
2020-04-11,Sudeste,RJ,2607,155
2020-04-11,Sudeste,SP,8419,560
2020-04-11,Sul,PR,676,26
2020-04-11,Sul,RS,640,15
2020-04-11,Sul,SC,732,21
2020-04-12,Centro-Oeste,DF,614,14
2020-04-12,Centro-Oeste,GO,229,14
2020-04-12,Centro-Oeste,MS,101,2
2020-04-12,Centro-Oeste,MT,123,3
2020-04-12,Nordeste,AL,48,3
2020-04-12,Nordeste,BA,673,21
2020-04-12,Nordeste,CE,1676,74
2020-04-12,Nordeste,MA,398,24
2020-04-12,Nordeste,PB,101,13
2020-04-12,Nordeste,PE,960,85
2020-04-12,Nordeste,PI,44,7
2020-04-12,Nordeste,RN,302,15
2020-04-12,Nordeste,SE,44,4
2020-04-12,Norte,AC,77,2
2020-04-12,Norte,AM,1206,62
2020-04-12,Norte,AP,230,5
2020-04-12,Norte,PA,246,13
2020-04-12,Norte,RO,35,2
2020-04-12,Norte,RR,79,3
2020-04-12,Norte,TO,25,0
2020-04-12,Sudeste,ES,383,9
2020-04-12,Sudeste,MG,806,20
2020-04-12,Sudeste,RJ,2855,170
2020-04-12,Sudeste,SP,8755,588
2020-04-12,Sul,PR,738,30
2020-04-12,Sul,RS,653,16
2020-04-12,Sul,SC,768,24
2020-04-13,Centro-Oeste,DF,638,15
2020-04-13,Centro-Oeste,GO,233,15
2020-04-13,Centro-Oeste,MS,113,4
2020-04-13,Centro-Oeste,MT,134,4
2020-04-13,Nordeste,AL,50,3
2020-04-13,Nordeste,BA,723,22
2020-04-13,Nordeste,CE,1800,91
2020-04-13,Nordeste,MA,445,27
2020-04-13,Nordeste,PB,111,13
2020-04-13,Nordeste,PE,1154,102
2020-04-13,Nordeste,PI,50,8
2020-04-13,Nordeste,RN,339,17
2020-04-13,Nordeste,SE,44,4
2020-04-13,Norte,AC,90,3
2020-04-13,Norte,AM,1275,71
2020-04-13,Norte,AP,242,5
2020-04-13,Norte,PA,270,15
2020-04-13,Norte,RO,42,2
2020-04-13,Norte,RR,83,3
2020-04-13,Norte,TO,26,0
2020-04-13,Sudeste,ES,430,14
2020-04-13,Sudeste,MG,815,23
2020-04-13,Sudeste,RJ,3231,188
2020-04-13,Sudeste,SP,8895,608
2020-04-13,Sul,PR,756,31
2020-04-13,Sul,RS,664,16
2020-04-13,Sul,SC,777,24
2020-04-14,Centro-Oeste,DF,651,17
2020-04-14,Centro-Oeste,GO,284,15
2020-04-14,Centro-Oeste,MS,115,4
2020-04-14,Centro-Oeste,MT,138,4
2020-04-14,Nordeste,AL,72,4
2020-04-14,Nordeste,BA,759,22
2020-04-14,Nordeste,CE,2005,107
2020-04-14,Nordeste,MA,478,32
2020-04-14,Nordeste,PB,136,16
2020-04-14,Nordeste,PE,1284,115
2020-04-14,Nordeste,PI,58,8
2020-04-14,Nordeste,RN,376,18
2020-04-14,Nordeste,SE,45,4
2020-04-14,Norte,AC,99,3
2020-04-14,Norte,AM,1484,90
2020-04-14,Norte,AP,307,6
2020-04-14,Norte,PA,323,19
2020-04-14,Norte,RO,64,2
2020-04-14,Norte,RR,113,3
2020-04-14,Norte,TO,26,0
2020-04-14,Sudeste,ES,463,17
2020-04-14,Sudeste,MG,884,27
2020-04-14,Sudeste,RJ,3410,224
2020-04-14,Sudeste,SP,9371,695
2020-04-14,Sul,PR,791,36
2020-04-14,Sul,RS,700,18
2020-04-14,Sul,SC,826,26
2020-04-15,Centro-Oeste,DF,682,17
2020-04-15,Centro-Oeste,GO,304,15
2020-04-15,Centro-Oeste,MS,121,4
2020-04-15,Centro-Oeste,MT,151,4
2020-04-15,Nordeste,AL,82,5
2020-04-15,Nordeste,BA,807,27
2020-04-15,Nordeste,CE,2157,116
2020-04-15,Nordeste,MA,630,34
2020-04-15,Nordeste,PB,151,21
2020-04-15,Nordeste,PE,1484,143
2020-04-15,Nordeste,PI,75,8
2020-04-15,Nordeste,RN,399,19
2020-04-15,Nordeste,SE,46,4
2020-04-15,Norte,AC,101,3
2020-04-15,Norte,AM,1554,106
2020-04-15,Norte,AP,334,7
2020-04-15,Norte,PA,384,21
2020-04-15,Norte,RO,69,2
2020-04-15,Norte,RR,114,3
2020-04-15,Norte,TO,26,1
2020-04-15,Sudeste,ES,557,18
2020-04-15,Sudeste,MG,903,30
2020-04-15,Sudeste,RJ,3743,265
2020-04-15,Sudeste,SP,11043,778
2020-04-15,Sul,PR,803,38
2020-04-15,Sul,RS,747,19
2020-04-15,Sul,SC,853,28
2020-04-16,Centro-Oeste,DF,716,20
2020-04-16,Centro-Oeste,GO,318,16
2020-04-16,Centro-Oeste,MS,131,5
2020-04-16,Centro-Oeste,MT,156,5
2020-04-16,Nordeste,AL,89,5
2020-04-16,Nordeste,BA,951,30
2020-04-16,Nordeste,CE,2386,124
2020-04-16,Nordeste,MA,695,37
2020-04-16,Nordeste,PB,165,24
2020-04-16,Nordeste,PE,1683,160
2020-04-16,Nordeste,PI,91,8
2020-04-16,Nordeste,RN,400,20
2020-04-16,Nordeste,SE,48,4
2020-04-16,Norte,AC,110,5
2020-04-16,Norte,AM,1719,124
2020-04-16,Norte,AP,362,9
2020-04-16,Norte,PA,438,24
2020-04-16,Norte,RO,76,3
2020-04-16,Norte,RR,142,3
2020-04-16,Norte,TO,29,1
2020-04-16,Sudeste,ES,754,22
2020-04-16,Sudeste,MG,958,33
2020-04-16,Sudeste,RJ,3944,300
2020-04-16,Sudeste,SP,11568,853
2020-04-16,Sul,PR,832,41
2020-04-16,Sul,RS,780,19
2020-04-16,Sul,SC,884,29
2020-04-17,Centro-Oeste,DF,746,20
2020-04-17,Centro-Oeste,GO,335,16
2020-04-17,Centro-Oeste,MS,143,5
2020-04-17,Centro-Oeste,MT,162,5
2020-04-17,Nordeste,AL,110,7
2020-04-17,Nordeste,BA,1059,36
2020-04-17,Nordeste,CE,2684,149
2020-04-17,Nordeste,MA,797,40
2020-04-17,Nordeste,PB,195,26
2020-04-17,Nordeste,PE,2006,186
2020-04-17,Nordeste,PI,102,8
2020-04-17,Nordeste,RN,463,23
2020-04-17,Nordeste,SE,53,4
2020-04-17,Norte,AC,135,5
2020-04-17,Norte,AM,1809,145
2020-04-17,Norte,AP,370,10
2020-04-17,Norte,PA,557,26
2020-04-17,Norte,RO,92,3
2020-04-17,Norte,RR,164,3
2020-04-17,Norte,TO,31,1
2020-04-17,Sudeste,ES,856,25
2020-04-17,Sudeste,MG,1021,35
2020-04-17,Sudeste,RJ,4349,341
2020-04-17,Sudeste,SP,12841,928
2020-04-17,Sul,PR,874,42
2020-04-17,Sul,RS,802,22
2020-04-17,Sul,SC,926,30
2020-04-18,Centro-Oeste,DF,762,24
2020-04-18,Centro-Oeste,GO,378,18
2020-04-18,Centro-Oeste,MS,161,5
2020-04-18,Centro-Oeste,MT,171,5
2020-04-18,Nordeste,AL,132,7
2020-04-18,Nordeste,BA,1193,37
2020-04-18,Nordeste,CE,3034,176
2020-04-18,Nordeste,MA,1040,44
2020-04-18,Nordeste,PB,205,26
2020-04-18,Nordeste,PE,2193,205
2020-04-18,Nordeste,PI,123,9
2020-04-18,Nordeste,RN,516,24
2020-04-18,Nordeste,SE,71,5
2020-04-18,Norte,AC,142,5
2020-04-18,Norte,AM,1897,161
2020-04-18,Norte,AP,393,10
2020-04-18,Norte,PA,640,33
2020-04-18,Norte,RO,110,3
2020-04-18,Norte,RR,201,3
2020-04-18,Norte,TO,33,1
2020-04-18,Sudeste,ES,952,28
2020-04-18,Sudeste,MG,1077,39
2020-04-18,Sudeste,RJ,4543,387
2020-04-18,Sudeste,SP,13894,991
2020-04-18,Sul,PR,945,46
2020-04-18,Sul,RS,831,24
2020-04-18,Sul,SC,962,31
2020-04-19,Centro-Oeste,DF,827,24
2020-04-19,Centro-Oeste,GO,393,18
2020-04-19,Centro-Oeste,MS,168,5
2020-04-19,Centro-Oeste,MT,174,5
2020-04-19,Nordeste,AL,159,15
2020-04-19,Nordeste,BA,1230,45
2020-04-19,Nordeste,CE,3252,186
2020-04-19,Nordeste,MA,1205,48
2020-04-19,Nordeste,PB,236,29
2020-04-19,Nordeste,PE,2459,216
2020-04-19,Nordeste,PI,145,10
2020-04-19,Nordeste,RN,531,25
2020-04-19,Nordeste,SE,83,5
2020-04-19,Norte,AC,163,6
2020-04-19,Norte,AM,2044,182
2020-04-19,Norte,AP,416,11
2020-04-19,Norte,PA,685,34
2020-04-19,Norte,RO,128,4
2020-04-19,Norte,RR,222,3
2020-04-19,Norte,TO,33,1
2020-04-19,Sudeste,ES,1099,30
2020-04-19,Sudeste,MG,1154,39
2020-04-19,Sudeste,RJ,4765,402
2020-04-19,Sudeste,SP,14267,1015
2020-04-19,Sul,PR,987,48
2020-04-19,Sul,RS,854,24
2020-04-19,Sul,SC,975,32
2020-04-20,Centro-Oeste,DF,872,24
2020-04-20,Centro-Oeste,GO,403,19
2020-04-20,Centro-Oeste,MS,171,5
2020-04-20,Centro-Oeste,MT,181,6
2020-04-20,Nordeste,AL,171,18
2020-04-20,Nordeste,BA,1341,46
2020-04-20,Nordeste,CE,3482,198
2020-04-20,Nordeste,MA,1320,54
2020-04-20,Nordeste,PB,245,32
2020-04-20,Nordeste,PE,2690,234
2020-04-20,Nordeste,PI,158,12
2020-04-20,Nordeste,RN,595,27
2020-04-20,Nordeste,SE,86,5
2020-04-20,Norte,AC,176,8
2020-04-20,Norte,AM,2160,185
2020-04-20,Norte,AP,433,13
2020-04-20,Norte,PA,902,35
2020-04-20,Norte,RO,160,4
2020-04-20,Norte,RR,244,3
2020-04-20,Norte,TO,34,1
2020-04-20,Sudeste,ES,1168,33
2020-04-20,Sudeste,MG,1189,41
2020-04-20,Sudeste,RJ,4899,422
2020-04-20,Sudeste,SP,14580,1037
2020-04-20,Sul,PR,1007,51
2020-04-20,Sul,RS,889,27
2020-04-20,Sul,SC,1025,35
2020-04-21,Centro-Oeste,DF,881,24
2020-04-21,Centro-Oeste,GO,421,19
2020-04-21,Centro-Oeste,MS,173,6
2020-04-21,Centro-Oeste,MT,181,6
2020-04-21,Nordeste,AL,210,19
2020-04-21,Nordeste,BA,1489,47
2020-04-21,Nordeste,CE,3716,215
2020-04-21,Nordeste,MA,1396,60
2020-04-21,Nordeste,PB,263,33
2020-04-21,Nordeste,PE,2908,260
2020-04-21,Nordeste,PI,186,14
2020-04-21,Nordeste,RN,608,28
2020-04-21,Nordeste,SE,92,5
2020-04-21,Norte,AC,195,8
2020-04-21,Norte,AM,2270,193
2020-04-21,Norte,AP,457,13
2020-04-21,Norte,PA,1026,38
2020-04-21,Norte,RO,199,4
2020-04-21,Norte,RR,247,3
2020-04-21,Norte,TO,37,1
2020-04-21,Sudeste,ES,1212,34
2020-04-21,Sudeste,MG,1230,44
2020-04-21,Sudeste,RJ,5306,461
2020-04-21,Sudeste,SP,15385,1093
2020-04-21,Sul,PR,1024,51
2020-04-21,Sul,RS,904,27
2020-04-21,Sul,SC,1063,35
2020-04-22,Centro-Oeste,DF,946,25
2020-04-22,Centro-Oeste,GO,438,21
2020-04-22,Centro-Oeste,MS,175,6
2020-04-22,Centro-Oeste,MT,183,6
2020-04-22,Nordeste,AL,243,20
2020-04-22,Nordeste,BA,1644,50
2020-04-22,Nordeste,CE,3910,233
2020-04-22,Nordeste,MA,1604,66
2020-04-22,Nordeste,PB,301,39
2020-04-22,Nordeste,PE,3298,282
2020-04-22,Nordeste,PI,206,15
2020-04-22,Nordeste,RN,646,29
2020-04-22,Nordeste,SE,117,7
2020-04-22,Norte,AC,214,8
2020-04-22,Norte,AM,2479,207
2020-04-22,Norte,AP,479,14
2020-04-22,Norte,PA,1195,43
2020-04-22,Norte,RO,223,5
2020-04-22,Norte,RR,280,3
2020-04-22,Norte,TO,37,1
2020-04-22,Sudeste,ES,1313,34
2020-04-22,Sudeste,MG,1283,47
2020-04-22,Sudeste,RJ,5552,490
2020-04-22,Sudeste,SP,15914,1134
2020-04-22,Sul,PR,1063,57
2020-04-22,Sul,RS,923,27
2020-04-22,Sul,SC,1091,37
2020-04-23,Centro-Oeste,DF,963,25
2020-04-23,Centro-Oeste,GO,453,23
2020-04-23,Centro-Oeste,MS,186,7
2020-04-23,Centro-Oeste,MT,221,7
2020-04-23,Nordeste,AL,324,22
2020-04-23,Nordeste,BA,1789,59
2020-04-23,Nordeste,CE,4598,266
2020-04-23,Nordeste,MA,1757,76
2020-04-23,Nordeste,PB,345,40
2020-04-23,Nordeste,PE,3519,312
2020-04-23,Nordeste,PI,217,15
2020-04-23,Nordeste,RN,708,34
2020-04-23,Nordeste,SE,124,8
2020-04-23,Norte,AC,227,10
2020-04-23,Norte,AM,2888,234
2020-04-23,Norte,AP,548,16
2020-04-23,Norte,PA,1267,53
2020-04-23,Norte,RO,250,5
2020-04-23,Norte,RR,297,3
2020-04-23,Norte,TO,37,2
2020-04-23,Sudeste,ES,1363,42
2020-04-23,Sudeste,MG,1308,51
2020-04-23,Sudeste,RJ,6172,530
2020-04-23,Sudeste,SP,16740,1345
2020-04-23,Sul,PR,1082,60
2020-04-23,Sul,RS,994,29
2020-04-23,Sul,SC,1115,39
2020-04-24,Centro-Oeste,DF,989,26
2020-04-24,Centro-Oeste,GO,486,24
2020-04-24,Centro-Oeste,MS,213,7
2020-04-24,Centro-Oeste,MT,240,8
2020-04-24,Nordeste,AL,413,27
2020-04-24,Nordeste,BA,1962,64
2020-04-24,Nordeste,CE,4800,284
2020-04-24,Nordeste,MA,1951,88
2020-04-24,Nordeste,PB,386,44
2020-04-24,Nordeste,PE,3999,352
2020-04-24,Nordeste,PI,256,16
2020-04-24,Nordeste,RN,754,38
2020-04-24,Nordeste,SE,144,8
2020-04-24,Norte,AC,234,11
2020-04-24,Norte,AM,3194,255
2020-04-24,Norte,AP,633,18
2020-04-24,Norte,PA,1446,75
2020-04-24,Norte,RO,290,5
2020-04-24,Norte,RR,304,3
2020-04-24,Norte,TO,43,2
2020-04-24,Sudeste,ES,1381,42
2020-04-24,Sudeste,MG,1419,54
2020-04-24,Sudeste,RJ,6282,570
2020-04-24,Sudeste,SP,17826,1512
2020-04-24,Sul,PR,1119,64
2020-04-24,Sul,RS,1061,31
2020-04-24,Sul,SC,1170,42
2020-04-25,Centro-Oeste,DF,1013,26
2020-04-25,Centro-Oeste,GO,506,25
2020-04-25,Centro-Oeste,MS,217,7
2020-04-25,Centro-Oeste,MT,247,9
2020-04-25,Nordeste,AL,501,29
2020-04-25,Nordeste,BA,2081,70
2020-04-25,Nordeste,CE,5421,310
2020-04-25,Nordeste,MA,2105,100
2020-04-25,Nordeste,PB,447,46
2020-04-25,Nordeste,PE,4507,381
2020-04-25,Nordeste,PI,297,17
2020-04-25,Nordeste,RN,781,40
2020-04-25,Nordeste,SE,153,9
2020-04-25,Norte,AC,258,11
2020-04-25,Norte,AM,3635,287
2020-04-25,Norte,AP,685,19
2020-04-25,Norte,PA,1579,86
2020-04-25,Norte,RO,328,7
2020-04-25,Norte,RR,345,3
2020-04-25,Norte,TO,50,2
2020-04-25,Sudeste,ES,1595,47
2020-04-25,Sudeste,MG,1481,58
2020-04-25,Sudeste,RJ,6828,615
2020-04-25,Sudeste,SP,20004,1667
2020-04-25,Sul,PR,1140,69
2020-04-25,Sul,RS,1096,34
2020-04-25,Sul,SC,1209,42
2020-04-26,Centro-Oeste,DF,1066,27
2020-04-26,Centro-Oeste,GO,573,25
2020-04-26,Centro-Oeste,MS,234,7
2020-04-26,Centro-Oeste,MT,250,9
2020-04-26,Nordeste,AL,554,32
2020-04-26,Nordeste,BA,2209,73
2020-04-26,Nordeste,CE,5833,327
2020-04-26,Nordeste,MA,2223,112
2020-04-26,Nordeste,PB,499,49
2020-04-26,Nordeste,PE,4898,415
2020-04-26,Nordeste,PI,331,18
2020-04-26,Nordeste,RN,825,44
2020-04-26,Nordeste,SE,159,9
2020-04-26,Norte,AC,279,11
2020-04-26,Norte,AM,3833,304
2020-04-26,Norte,AP,798,21
2020-04-26,Norte,PA,1867,100
2020-04-26,Norte,RO,364,10
2020-04-26,Norte,RR,401,4
2020-04-26,Norte,TO,58,2
2020-04-26,Sudeste,ES,1703,51
2020-04-26,Sudeste,MG,1548,61
2020-04-26,Sudeste,RJ,7111,645
2020-04-26,Sudeste,SP,20715,1700
2020-04-26,Sul,PR,1156,72
2020-04-26,Sul,RS,1166,35
2020-04-26,Sul,SC,1235,42
2020-04-27,Centro-Oeste,DF,1146,27
2020-04-27,Centro-Oeste,GO,616,26
2020-04-27,Centro-Oeste,MS,238,9
2020-04-27,Centro-Oeste,MT,257,10
2020-04-27,Nordeste,AL,643,34
2020-04-27,Nordeste,BA,2354,76
2020-04-27,Nordeste,CE,6726,390
2020-04-27,Nordeste,MA,2410,125
2020-04-27,Nordeste,PB,543,50
2020-04-27,Nordeste,PE,5358,450
2020-04-27,Nordeste,PI,364,20
2020-04-27,Nordeste,RN,832,45
2020-04-27,Nordeste,SE,197,10
2020-04-27,Norte,AC,279,14
2020-04-27,Norte,AM,3928,320
2020-04-27,Norte,AP,842,26
2020-04-27,Norte,PA,2128,114
2020-04-27,Norte,RO,393,10
2020-04-27,Norte,RR,407,4
2020-04-27,Norte,TO,67,2
2020-04-27,Sudeste,ES,1796,57
2020-04-27,Sudeste,MG,1586,62
2020-04-27,Sudeste,RJ,7944,677
2020-04-27,Sudeste,SP,21696,1825
2020-04-27,Sul,PR,1186,75
2020-04-27,Sul,RS,1228,42
2020-04-27,Sul,SC,1337,43
2020-04-28,Centro-Oeste,DF,1213,28
2020-04-28,Centro-Oeste,GO,661,27
2020-04-28,Centro-Oeste,MS,240,9
2020-04-28,Centro-Oeste,MT,261,11
2020-04-28,Nordeste,AL,777,36
2020-04-28,Nordeste,BA,2540,86
2020-04-28,Nordeste,CE,6918,403
2020-04-28,Nordeste,MA,2528,145
2020-04-28,Nordeste,PB,633,53
2020-04-28,Nordeste,PE,5724,508
2020-04-28,Nordeste,PI,408,21
2020-04-28,Nordeste,RN,857,48
2020-04-28,Nordeste,SE,280,11
2020-04-28,Norte,AC,311,16
2020-04-28,Norte,AM,4337,351
2020-04-28,Norte,AP,918,28
2020-04-28,Norte,PA,2262,129
2020-04-28,Norte,RO,413,11
2020-04-28,Norte,RR,425,6
2020-04-28,Norte,TO,79,2
2020-04-28,Sudeste,ES,1874,64
2020-04-28,Sudeste,MG,1649,71
2020-04-28,Sudeste,RJ,8504,738
2020-04-28,Sudeste,SP,24041,2049
2020-04-28,Sul,PR,1271,77
2020-04-28,Sul,RS,1286,45
2020-04-28,Sul,SC,1476,44
2020-04-29,Centro-Oeste,DF,1275,28
2020-04-29,Centro-Oeste,GO,705,27
2020-04-29,Centro-Oeste,MS,249,9
2020-04-29,Centro-Oeste,MT,292,11
2020-04-29,Nordeste,AL,957,41
2020-04-29,Nordeste,BA,2646,96
2020-04-29,Nordeste,CE,7267,441
2020-04-29,Nordeste,MA,2804,166
2020-04-29,Nordeste,PB,699,58
2020-04-29,Nordeste,PE,6194,538
2020-04-29,Nordeste,PI,454,24
2020-04-29,Nordeste,RN,1086,53
2020-04-29,Nordeste,SE,337,12
2020-04-29,Norte,AC,354,17
2020-04-29,Norte,AM,4801,380
2020-04-29,Norte,AP,1016,31
2020-04-29,Norte,PA,2422,137
2020-04-29,Norte,RO,433,15
2020-04-29,Norte,RR,452,6
2020-04-29,Norte,TO,116,3
2020-04-29,Sudeste,ES,2107,76
2020-04-29,Sudeste,MG,1758,80
2020-04-29,Sudeste,RJ,8869,794
2020-04-29,Sudeste,SP,26158,2247
2020-04-29,Sul,PR,1348,82
2020-04-29,Sul,RS,1368,50
2020-04-29,Sul,SC,1995,44
2020-04-30,Centro-Oeste,DF,1356,30
2020-04-30,Centro-Oeste,GO,781,29
2020-04-30,Centro-Oeste,MS,255,9
2020-04-30,Centro-Oeste,MT,297,11
2020-04-30,Nordeste,AL,1044,47
2020-04-30,Nordeste,BA,2851,104
2020-04-30,Nordeste,CE,7606,482
2020-04-30,Nordeste,MA,3190,184
2020-04-30,Nordeste,PB,814,62
2020-04-30,Nordeste,PE,6876,565
2020-04-30,Nordeste,PI,513,24
2020-04-30,Nordeste,RN,1177,56
2020-04-30,Nordeste,SE,447,12
2020-04-30,Norte,AC,404,19
2020-04-30,Norte,AM,5254,425
2020-04-30,Norte,AP,1080,34
2020-04-30,Norte,PA,2876,208
2020-04-30,Norte,RO,502,16
2020-04-30,Norte,RR,519,7
2020-04-30,Norte,TO,137,3
2020-04-30,Sudeste,ES,2465,83
2020-04-30,Sudeste,MG,1827,82
2020-04-30,Sudeste,RJ,9453,854
2020-04-30,Sudeste,SP,28698,2375
2020-04-30,Sul,PR,1407,83
2020-04-30,Sul,RS,1466,51
2020-04-30,Sul,SC,2085,46
2020-05-01,Centro-Oeste,DF,1466,30
2020-05-01,Centro-Oeste,GO,808,29
2020-05-01,Centro-Oeste,MS,261,9
2020-05-01,Centro-Oeste,MT,320,11
2020-05-01,Nordeste,AL,1226,53
2020-05-01,Nordeste,BA,3085,117
2020-05-01,Nordeste,CE,7879,505
2020-05-01,Nordeste,MA,3506,204
2020-05-01,Nordeste,PB,926,67
2020-05-01,Nordeste,PE,7334,603
2020-05-01,Nordeste,PI,600,24
2020-05-01,Nordeste,RN,1297,56
2020-05-01,Nordeste,SE,517,14
2020-05-01,Norte,AC,486,19
2020-05-01,Norte,AM,5723,476
2020-05-01,Norte,AP,1121,37
2020-05-01,Norte,PA,3176,235
2020-05-01,Norte,RO,585,18
2020-05-01,Norte,RR,602,8
2020-05-01,Norte,TO,164,3
2020-05-01,Sudeste,ES,2662,96
2020-05-01,Sudeste,MG,1935,88
2020-05-01,Sudeste,RJ,10166,921
2020-05-01,Sudeste,SP,30374,2511
2020-05-01,Sul,PR,1447,89
2020-05-01,Sul,RS,1529,58
2020-05-01,Sul,SC,2104,48
2020-05-02,Centro-Oeste,DF,1566,31
2020-05-02,Centro-Oeste,GO,825,30
2020-05-02,Centro-Oeste,MS,266,9
2020-05-02,Centro-Oeste,MT,331,12
2020-05-02,Nordeste,AL,1372,58
2020-05-02,Nordeste,BA,3267,123
2020-05-02,Nordeste,CE,8231,614
2020-05-02,Nordeste,MA,3805,224
2020-05-02,Nordeste,PB,1034,74
2020-05-02,Nordeste,PE,8145,628
2020-05-02,Nordeste,PI,665,26
2020-05-02,Nordeste,RN,1366,59
2020-05-02,Nordeste,SE,601,14
2020-05-02,Norte,AC,553,21
2020-05-02,Norte,AM,6062,501
2020-05-02,Norte,AP,1187,40
2020-05-02,Norte,PA,3460,273
2020-05-02,Norte,RO,653,23
2020-05-02,Norte,RR,668,9
2020-05-02,Norte,TO,191,4
2020-05-02,Sudeste,ES,2948,102
2020-05-02,Sudeste,MG,2023,88
2020-05-02,Sudeste,RJ,10546,971
2020-05-02,Sudeste,SP,31174,2586
2020-05-02,Sul,PR,1492,90
2020-05-02,Sul,RS,1619,62
2020-05-02,Sul,SC,2346,52
2020-05-03,Centro-Oeste,DF,1649,33
2020-05-03,Centro-Oeste,GO,850,30
2020-05-03,Centro-Oeste,MS,272,10
2020-05-03,Centro-Oeste,MT,337,12
2020-05-03,Nordeste,AL,1441,64
2020-05-03,Nordeste,BA,3495,123
2020-05-03,Nordeste,CE,8370,663
2020-05-03,Nordeste,MA,4040,237
2020-05-03,Nordeste,PB,1169,76
2020-05-03,Nordeste,PE,8643,652
2020-05-03,Nordeste,PI,742,28
2020-05-03,Nordeste,RN,1392,61
2020-05-03,Nordeste,SE,730,14
2020-05-03,Norte,AC,657,24
2020-05-03,Norte,AM,6683,548
2020-05-03,Norte,AP,1482,43
2020-05-03,Norte,PA,3863,309
2020-05-03,Norte,RO,705,24
2020-05-03,Norte,RR,740,11
2020-05-03,Norte,TO,246,4
2020-05-03,Sudeste,ES,3086,114
2020-05-03,Sudeste,MG,2118,89
2020-05-03,Sudeste,RJ,11139,1019
2020-05-03,Sudeste,SP,31772,2627
2020-05-03,Sul,PR,1514,93
2020-05-03,Sul,RS,1666,65
2020-05-03,Sul,SC,2346,52
2020-05-04,Centro-Oeste,DF,1768,33
2020-05-04,Centro-Oeste,GO,861,30
2020-05-04,Centro-Oeste,MS,274,10
2020-05-04,Centro-Oeste,MT,344,13
2020-05-04,Nordeste,AL,1538,72
2020-05-04,Nordeste,BA,3734,141
2020-05-04,Nordeste,CE,11040,712
2020-05-04,Nordeste,MA,4227,249
2020-05-04,Nordeste,PB,1219,79
2020-05-04,Nordeste,PE,8863,691
2020-05-04,Nordeste,PI,784,28
2020-05-04,Nordeste,RN,1421,62
2020-05-04,Nordeste,SE,772,17
2020-05-04,Norte,AC,733,28
2020-05-04,Norte,AM,7242,584
2020-05-04,Norte,AP,1733,49
2020-05-04,Norte,PA,4125,330
2020-05-04,Norte,RO,756,25
2020-05-04,Norte,RR,806,11
2020-05-04,Norte,TO,267,6
2020-05-04,Sudeste,ES,3226,122
2020-05-04,Sudeste,MG,2347,90
2020-05-04,Sudeste,RJ,11721,1065
2020-05-04,Sudeste,SP,32187,2654
2020-05-04,Sul,PR,1562,94
2020-05-04,Sul,RS,1711,74
2020-05-04,Sul,SC,2519,52
2020-05-05,Centro-Oeste,DF,1818,33
2020-05-05,Centro-Oeste,GO,922,38
2020-05-05,Centro-Oeste,MS,283,10
2020-05-05,Centro-Oeste,MT,365,13
2020-05-05,Nordeste,AL,1606,80
2020-05-05,Nordeste,BA,4040,146
2020-05-05,Nordeste,CE,11470,795
2020-05-05,Nordeste,MA,4530,271
2020-05-05,Nordeste,PB,1361,85
2020-05-05,Nordeste,PE,9325,749
2020-05-05,Nordeste,PI,875,29
2020-05-05,Nordeste,RN,1536,68
2020-05-05,Nordeste,SE,898,21
2020-05-05,Norte,AC,817,29
2020-05-05,Norte,AM,8109,649
2020-05-05,Norte,AP,1931,55
2020-05-05,Norte,PA,4472,369
2020-05-05,Norte,RO,861,29
2020-05-05,Norte,RR,869,11
2020-05-05,Norte,TO,303,7
2020-05-05,Sudeste,ES,3402,133
2020-05-05,Sudeste,MG,2452,94
2020-05-05,Sudeste,RJ,12391,1123
2020-05-05,Sudeste,SP,34053,2851
2020-05-05,Sul,PR,1588,99
2020-05-05,Sul,RS,1815,79
2020-05-05,Sul,SC,2623,55
2020-05-06,Centro-Oeste,DF,1906,34
2020-05-06,Centro-Oeste,GO,1024,44
2020-05-06,Centro-Oeste,MS,288,10
2020-05-06,Centro-Oeste,MT,379,13
2020-05-06,Nordeste,AL,1703,89
2020-05-06,Nordeste,BA,4301,160
2020-05-06,Nordeste,CE,12304,848
2020-05-06,Nordeste,MA,5028,291
2020-05-06,Nordeste,PB,1493,92
2020-05-06,Nordeste,PE,9881,803
2020-05-06,Nordeste,PI,949,30
2020-05-06,Nordeste,RN,1574,72
2020-05-06,Nordeste,SE,998,23
2020-05-06,Norte,AC,943,33
2020-05-06,Norte,AM,9243,751
2020-05-06,Norte,AP,2046,56
2020-05-06,Norte,PA,5017,392
2020-05-06,Norte,RO,943,33
2020-05-06,Norte,RR,932,13
2020-05-06,Norte,TO,351,9
2020-05-06,Sudeste,ES,3568,145
2020-05-06,Sudeste,MG,2605,97
2020-05-06,Sudeste,RJ,13295,1205
2020-05-06,Sudeste,SP,37853,3045
2020-05-06,Sul,PR,1627,101
2020-05-06,Sul,RS,2050,87
2020-05-06,Sul,SC,2917,59
2020-05-07,Centro-Oeste,DF,2258,35
2020-05-07,Centro-Oeste,GO,1027,44
2020-05-07,Centro-Oeste,MS,311,10
2020-05-07,Centro-Oeste,MT,417,13
2020-05-07,Nordeste,AL,1867,98
2020-05-07,Nordeste,BA,4528,165
2020-05-07,Nordeste,CE,13888,903
2020-05-07,Nordeste,MA,5389,305
2020-05-07,Nordeste,PB,1657,101
2020-05-07,Nordeste,PE,10824,845
2020-05-07,Nordeste,PI,1051,35
2020-05-07,Nordeste,RN,1739,76
2020-05-07,Nordeste,SE,1214,25
2020-05-07,Norte,AC,1014,36
2020-05-07,Norte,AM,10099,806
2020-05-07,Norte,AP,2199,61
2020-05-07,Norte,PA,5524,410
2020-05-07,Norte,RO,1098,37
2020-05-07,Norte,RR,1020,14
2020-05-07,Norte,TO,423,9
2020-05-07,Sudeste,ES,3838,155
2020-05-07,Sudeste,MG,2770,106
2020-05-07,Sudeste,RJ,14156,1394
2020-05-07,Sudeste,SP,39928,3206
2020-05-07,Sul,PR,1656,104
2020-05-07,Sul,RS,2129,90
2020-05-07,Sul,SC,3082,63
2020-05-08,Centro-Oeste,DF,2442,37
2020-05-08,Centro-Oeste,GO,1053,47
2020-05-08,Centro-Oeste,MS,326,11
2020-05-08,Centro-Oeste,MT,457,14
2020-05-08,Nordeste,AL,2033,108
2020-05-08,Nordeste,BA,4818,183
2020-05-08,Nordeste,CE,14956,966
2020-05-08,Nordeste,MA,5909,330
2020-05-08,Nordeste,PB,2031,114
2020-05-08,Nordeste,PE,11587,927
2020-05-08,Nordeste,PI,1131,37
2020-05-08,Nordeste,RN,1821,81
2020-05-08,Nordeste,SE,1438,28
2020-05-08,Norte,AC,1177,38
2020-05-08,Norte,AM,10727,874
2020-05-08,Norte,AP,2322,66
2020-05-08,Norte,PA,6141,515
2020-05-08,Norte,RO,1222,39
2020-05-08,Norte,RR,1124,16
2020-05-08,Norte,TO,494,9
2020-05-08,Sudeste,ES,4242,165
2020-05-08,Sudeste,MG,2943,111
2020-05-08,Sudeste,RJ,15741,1503
2020-05-08,Sudeste,SP,41830,3416
2020-05-08,Sul,PR,1711,106
2020-05-08,Sul,RS,2447,91
2020-05-08,Sul,SC,3205,63
2020-05-09,Centro-Oeste,DF,2576,39
2020-05-09,Centro-Oeste,GO,1069,47
2020-05-09,Centro-Oeste,MS,346,11
2020-05-09,Centro-Oeste,MT,502,16
2020-05-09,Nordeste,AL,2172,114
2020-05-09,Nordeste,BA,5174,196
2020-05-09,Nordeste,CE,15879,1062
2020-05-09,Nordeste,MA,6765,355
2020-05-09,Nordeste,PB,2156,124
2020-05-09,Nordeste,PE,12470,972
2020-05-09,Nordeste,PI,1233,38
2020-05-09,Nordeste,RN,1919,87
2020-05-09,Nordeste,SE,1588,33
2020-05-09,Norte,AC,1335,39
2020-05-09,Norte,AM,11925,962
2020-05-09,Norte,AP,2493,69
2020-05-09,Norte,PA,6775,578
2020-05-09,Norte,RO,1263,41
2020-05-09,Norte,RR,1202,18
2020-05-09,Norte,TO,572,9
2020-05-09,Sudeste,ES,4412,172
2020-05-09,Sudeste,MG,3123,118
2020-05-09,Sudeste,RJ,16929,1653
2020-05-09,Sudeste,SP,44411,3608
2020-05-09,Sul,PR,1785,107
2020-05-09,Sul,RS,2493,95
2020-05-09,Sul,SC,3372,64
2020-05-10,Centro-Oeste,DF,2682,42
2020-05-10,Centro-Oeste,GO,1093,47
2020-05-10,Centro-Oeste,MS,362,11
2020-05-10,Centro-Oeste,MT,519,18
2020-05-10,Nordeste,AL,2258,126
2020-05-10,Nordeste,BA,5558,202
2020-05-10,Nordeste,CE,16692,1114
2020-05-10,Nordeste,MA,7599,379
2020-05-10,Nordeste,PB,2341,135
2020-05-10,Nordeste,PE,13275,1047
2020-05-10,Nordeste,PI,1278,42
2020-05-10,Nordeste,RN,1928,88
2020-05-10,Nordeste,SE,1771,34
2020-05-10,Norte,AC,1447,41
2020-05-10,Norte,AM,12599,1004
2020-05-10,Norte,AP,2613,72
2020-05-10,Norte,PA,7256,652
2020-05-10,Norte,RO,1302,43
2020-05-10,Norte,RR,1290,21
2020-05-10,Norte,TO,688,11
2020-05-10,Sudeste,ES,4599,181
2020-05-10,Sudeste,MG,3237,119
2020-05-10,Sudeste,RJ,17062,1714
2020-05-10,Sudeste,SP,45444,3709
2020-05-10,Sul,PR,1835,109
2020-05-10,Sul,RS,2542,97
2020-05-10,Sul,SC,3429,65
2020-05-11,Centro-Oeste,DF,2783,44
2020-05-11,Centro-Oeste,GO,1100,49
2020-05-11,Centro-Oeste,MS,385,11
2020-05-11,Centro-Oeste,MT,541,19
2020-05-11,Nordeste,AL,2343,138
2020-05-11,Nordeste,BA,5808,211
2020-05-11,Nordeste,CE,17599,1189
2020-05-11,Nordeste,MA,8144,399
2020-05-11,Nordeste,PB,2525,139
2020-05-11,Nordeste,PE,13768,1087
2020-05-11,Nordeste,PI,1332,45
2020-05-11,Nordeste,RN,1989,92
2020-05-11,Nordeste,SE,1800,37
2020-05-11,Norte,AC,1460,45
2020-05-11,Norte,AM,12919,1035
2020-05-11,Norte,AP,2671,73
2020-05-11,Norte,PA,7563,708
2020-05-11,Norte,RO,1396,47
2020-05-11,Norte,RR,1295,24
2020-05-11,Norte,TO,747,12
2020-05-11,Sudeste,ES,4819,196
2020-05-11,Sudeste,MG,3320,121
2020-05-11,Sudeste,RJ,17939,1770
2020-05-11,Sudeste,SP,46131,3743
2020-05-11,Sul,PR,1849,111
2020-05-11,Sul,RS,2576,105
2020-05-11,Sul,SC,3529,69
2020-05-12,Centro-Oeste,DF,2979,46
2020-05-12,Centro-Oeste,GO,1115,52
2020-05-12,Centro-Oeste,MS,405,12
2020-05-12,Centro-Oeste,MT,591,19
2020-05-12,Nordeste,AL,2580,150
2020-05-12,Nordeste,BA,6204,225
2020-05-12,Nordeste,CE,18412,1280
2020-05-12,Nordeste,MA,8526,423
2020-05-12,Nordeste,PB,2777,154
2020-05-12,Nordeste,PE,14309,1157
2020-05-12,Nordeste,PI,1443,49
2020-05-12,Nordeste,RN,2033,93
2020-05-12,Nordeste,SE,2032,37
2020-05-12,Norte,AC,1590,51
2020-05-12,Norte,AM,14168,1098
2020-05-12,Norte,AP,2910,86
2020-05-12,Norte,PA,8616,864
2020-05-12,Norte,RO,1460,50
2020-05-12,Norte,RR,1328,27
2020-05-12,Norte,TO,828,14
2020-05-12,Sudeste,ES,5087,212
2020-05-12,Sudeste,MG,3435,127
2020-05-12,Sudeste,RJ,18486,1928
2020-05-12,Sudeste,SP,47719,3949
2020-05-12,Sul,PR,1906,113
2020-05-12,Sul,RS,2917,111
2020-05-12,Sul,SC,3733,73
2020-05-13,Centro-Oeste,DF,3192,48
2020-05-13,Centro-Oeste,GO,1134,61
2020-05-13,Centro-Oeste,MS,430,13
2020-05-13,Centro-Oeste,MT,661,20
2020-05-13,Nordeste,AL,2761,164
2020-05-13,Nordeste,BA,6547,236
2020-05-13,Nordeste,CE,19156,1389
2020-05-13,Nordeste,MA,9112,444
2020-05-13,Nordeste,PB,3045,157
2020-05-13,Nordeste,PE,14901,1224
2020-05-13,Nordeste,PI,1612,57
2020-05-13,Nordeste,RN,2367,105
2020-05-13,Nordeste,SE,2268,42
2020-05-13,Norte,AC,1694,52
2020-05-13,Norte,AM,15816,1160
2020-05-13,Norte,AP,3005,94
2020-05-13,Norte,PA,9618,946
2020-05-13,Norte,RO,1612,50
2020-05-13,Norte,RR,1411,29
2020-05-13,Norte,TO,932,21
2020-05-13,Sudeste,ES,5401,233
2020-05-13,Sudeste,MG,3733,135
2020-05-13,Sudeste,RJ,18728,2050
2020-05-13,Sudeste,SP,51097,4118
2020-05-13,Sul,PR,1996,117
2020-05-13,Sul,RS,2917,111
2020-05-13,Sul,SC,3828,73
2020-05-14,Centro-Oeste,DF,3416,51
2020-05-14,Centro-Oeste,GO,1423,64
2020-05-14,Centro-Oeste,MS,452,14
2020-05-14,Centro-Oeste,MT,719,23
2020-05-14,Nordeste,AL,2972,177
2020-05-14,Nordeste,BA,6955,262
2020-05-14,Nordeste,CE,21077,1413
2020-05-14,Nordeste,MA,9801,470
2020-05-14,Nordeste,PB,3361,160
2020-05-14,Nordeste,PE,15588,1298
2020-05-14,Nordeste,PI,1784,60
2020-05-14,Nordeste,RN,2537,117
2020-05-14,Nordeste,SE,2494,47
2020-05-14,Norte,AC,1740,55
2020-05-14,Norte,AM,17181,1235
2020-05-14,Norte,AP,3428,101
2020-05-14,Norte,PA,10867,1063
2020-05-14,Norte,RO,1686,56
2020-05-14,Norte,RR,1500,37
2020-05-14,Norte,TO,1029,23
2020-05-14,Sudeste,ES,5813,249
2020-05-14,Sudeste,MG,3950,139
2020-05-14,Sudeste,RJ,19467,2247
2020-05-14,Sudeste,SP,54286,4315
2020-05-14,Sul,PR,2063,119
2020-05-14,Sul,RS,2997,120
2020-05-14,Sul,SC,4332,78
2020-05-15,Centro-Oeste,DF,3787,55
2020-05-15,Centro-Oeste,GO,1572,67
2020-05-15,Centro-Oeste,MS,479,14
2020-05-15,Centro-Oeste,MT,779,26
2020-05-15,Nordeste,AL,3212,187
2020-05-15,Nordeste,BA,8128,281
2020-05-15,Nordeste,CE,22490,1476
2020-05-15,Nordeste,MA,10739,496
2020-05-15,Nordeste,PB,3739,170
2020-05-15,Nordeste,PE,16209,1381
2020-05-15,Nordeste,PI,1905,60
2020-05-15,Nordeste,RN,2786,122
2020-05-15,Nordeste,SE,2868,50
2020-05-15,Norte,AC,1785,57
2020-05-15,Norte,AM,18392,1331
2020-05-15,Norte,AP,3630,103
2020-05-15,Norte,PA,12109,1145
2020-05-15,Norte,RO,1789,62
2020-05-15,Norte,RR,1589,40
2020-05-15,Norte,TO,1179,24
2020-05-15,Sudeste,ES,6198,260
2020-05-15,Sudeste,MG,4196,146
2020-05-15,Sudeste,RJ,19987,2438
2020-05-15,Sudeste,SP,58378,4501
2020-05-15,Sul,PR,2139,120
2020-05-15,Sul,RS,3597,126
2020-05-15,Sul,SC,4562,79
2020-05-16,Centro-Oeste,DF,4140,56
2020-05-16,Centro-Oeste,GO,1640,69
2020-05-16,Centro-Oeste,MS,508,15
2020-05-16,Centro-Oeste,MT,851,27
2020-05-16,Nordeste,AL,3593,199
2020-05-16,Nordeste,BA,8314,286
2020-05-16,Nordeste,CE,23795,1614
2020-05-16,Nordeste,MA,11592,524
2020-05-16,Nordeste,PB,4063,183
2020-05-16,Nordeste,PE,18488,1461
2020-05-16,Nordeste,PI,2085,65
2020-05-16,Nordeste,RN,3004,136
2020-05-16,Nordeste,SE,3135,53
2020-05-16,Norte,AC,1867,59
2020-05-16,Norte,AM,19677,1375
2020-05-16,Norte,AP,3834,108
2020-05-16,Norte,PA,13184,1199
2020-05-16,Norte,RO,1919,69
2020-05-16,Norte,RR,1706,49
2020-05-16,Norte,TO,1279,27
2020-05-16,Sudeste,ES,6595,271
2020-05-16,Sudeste,MG,4474,150
2020-05-16,Sudeste,RJ,21601,2614
2020-05-16,Sudeste,SP,61183,4688
2020-05-16,Sul,PR,2242,123
2020-05-16,Sul,RS,3695,132
2020-05-16,Sul,SC,4678,81
2020-05-17,Centro-Oeste,DF,4368,59
2020-05-17,Centro-Oeste,GO,1692,70
2020-05-17,Centro-Oeste,MS,570,15
2020-05-17,Centro-Oeste,MT,901,27
2020-05-17,Nordeste,AL,3816,210
2020-05-17,Nordeste,BA,8443,295
2020-05-17,Nordeste,CE,24255,1641
2020-05-17,Nordeste,MA,12492,549
2020-05-17,Nordeste,PB,4347,194
2020-05-17,Nordeste,PE,19452,1516
2020-05-17,Nordeste,PI,2252,72
2020-05-17,Nordeste,RN,3137,139
2020-05-17,Nordeste,SE,3343,57
2020-05-17,Norte,AC,1997,60
2020-05-17,Norte,AM,20328,1413
2020-05-17,Norte,AP,3952,119
2020-05-17,Norte,PA,13864,1239
2020-05-17,Norte,RO,1963,74
2020-05-17,Norte,RR,1791,51
2020-05-17,Norte,TO,1382,31
2020-05-17,Sudeste,ES,6744,285
2020-05-17,Sudeste,MG,4611,156
2020-05-17,Sudeste,RJ,22238,2715
2020-05-17,Sudeste,SP,62345,4782
2020-05-17,Sul,PR,2286,124
2020-05-17,Sul,RS,3735,142
2020-05-17,Sul,SC,4776,83
2020-05-18,Centro-Oeste,DF,4619,66
2020-05-18,Centro-Oeste,GO,1749,73
2020-05-18,Centro-Oeste,MS,613,16
2020-05-18,Centro-Oeste,MT,937,29
2020-05-18,Nordeste,AL,4031,221
2020-05-18,Nordeste,BA,8581,312
2020-05-18,Nordeste,CE,26363,1748
2020-05-18,Nordeste,MA,13238,576
2020-05-18,Nordeste,PB,4786,207
2020-05-18,Nordeste,PE,20094,1640
2020-05-18,Nordeste,PI,2287,80
2020-05-18,Nordeste,RN,3184,146
2020-05-18,Nordeste,SE,3566,59
2020-05-18,Norte,AC,2234,67
2020-05-18,Norte,AM,20913,1433
2020-05-18,Norte,AP,4023,127
2020-05-18,Norte,PA,14734,1329
2020-05-18,Norte,RO,2043,77
2020-05-18,Norte,RR,1876,60
2020-05-18,Norte,TO,1496,32
2020-05-18,Sudeste,ES,7157,302
2020-05-18,Sudeste,MG,4695,161
2020-05-18,Sudeste,RJ,26665,2852
2020-05-18,Sudeste,SP,63066,4823
2020-05-18,Sul,PR,2360,127
2020-05-18,Sul,RS,3735,144
2020-05-18,Sul,SC,5175,85
2020-05-19,Centro-Oeste,DF,4853,72
2020-05-19,Centro-Oeste,GO,1846,73
2020-05-19,Centro-Oeste,MS,642,16
2020-05-19,Centro-Oeste,MT,995,32
2020-05-19,Nordeste,AL,4316,231
2020-05-19,Nordeste,BA,11013,326
2020-05-19,Nordeste,CE,28112,1856
2020-05-19,Nordeste,MA,14198,604
2020-05-19,Nordeste,PB,5300,219
2020-05-19,Nordeste,PE,21242,1741
2020-05-19,Nordeste,PI,2440,85
2020-05-19,Nordeste,RN,3483,160
2020-05-19,Nordeste,SE,3967,63
2020-05-19,Norte,AC,2482,72
2020-05-19,Norte,AM,22132,1491
2020-05-19,Norte,AP,4310,136
2020-05-19,Norte,PA,16295,1519
2020-05-19,Norte,RO,2257,87
2020-05-19,Norte,RR,1985,61
2020-05-19,Norte,TO,1646,38
2020-05-19,Sudeste,ES,7693,325
2020-05-19,Sudeste,MG,4977,167
2020-05-19,Sudeste,RJ,27805,3079
2020-05-19,Sudeste,SP,65995,5147
2020-05-19,Sul,PR,2481,129
2020-05-19,Sul,RS,3750,151
2020-05-19,Sul,SC,5413,91
2020-05-20,Centro-Oeste,DF,5161,77
2020-05-20,Centro-Oeste,GO,1978,78
2020-05-20,Centro-Oeste,MS,693,17
2020-05-20,Centro-Oeste,MT,1054,32
2020-05-20,Nordeste,AL,4437,251
2020-05-20,Nordeste,BA,11197,362
2020-05-20,Nordeste,CE,30560,1900
2020-05-20,Nordeste,MA,15114,634
2020-05-20,Nordeste,PB,5838,230
2020-05-20,Nordeste,PE,22560,1834
2020-05-20,Nordeste,PI,2637,87
2020-05-20,Nordeste,RN,3796,170
2020-05-20,Nordeste,SE,4277,69
2020-05-20,Norte,AC,2817,76
2020-05-20,Norte,AM,23704,1561
2020-05-20,Norte,AP,4549,142
2020-05-20,Norte,PA,18135,1633
2020-05-20,Norte,RO,2499,90
2020-05-20,Norte,RR,2067,64
2020-05-20,Norte,TO,1809,42
2020-05-20,Sudeste,ES,8092,341
2020-05-20,Sudeste,MG,5286,177
2020-05-20,Sudeste,RJ,30372,3237
2020-05-20,Sudeste,SP,69859,5363
2020-05-20,Sul,PR,2616,137
2020-05-20,Sul,RS,4973,161
2020-05-20,Sul,SC,5499,94
2020-05-21,Centro-Oeste,DF,5542,84
2020-05-21,Centro-Oeste,GO,2114,85
2020-05-21,Centro-Oeste,MS,746,17
2020-05-21,Centro-Oeste,MT,1172,34
2020-05-21,Nordeste,AL,4916,262
2020-05-21,Nordeste,BA,11941,376
2020-05-21,Nordeste,CE,31413,2161
2020-05-21,Nordeste,MA,16058,663
2020-05-21,Nordeste,PB,6238,245
2020-05-21,Nordeste,PE,23911,1925
2020-05-21,Nordeste,PI,2852,91
2020-05-21,Nordeste,RN,4060,178
2020-05-21,Nordeste,SE,4734,76
2020-05-21,Norte,AC,3103,78
2020-05-21,Norte,AM,25367,1620
2020-05-21,Norte,AP,5188,151
2020-05-21,Norte,PA,19756,1852
2020-05-21,Norte,RO,2659,101
2020-05-21,Norte,RR,2146,72
2020-05-21,Norte,TO,1976,47
2020-05-21,Sudeste,ES,8878,363
2020-05-21,Sudeste,MG,5596,191
2020-05-21,Sudeste,RJ,32089,3412
2020-05-21,Sudeste,SP,73739,5558
2020-05-21,Sul,PR,2810,141
2020-05-21,Sul,RS,5473,166
2020-05-21,Sul,SC,5610,98
2020-05-22,Centro-Oeste,DF,5948,90
2020-05-22,Centro-Oeste,GO,2304,93
2020-05-22,Centro-Oeste,MS,805,17
2020-05-22,Centro-Oeste,MT,1220,37
2020-05-22,Nordeste,AL,5302,280
2020-05-22,Nordeste,BA,12557,399
2020-05-22,Nordeste,CE,34573,2251
2020-05-22,Nordeste,MA,17212,693
2020-05-22,Nordeste,PB,6882,248
2020-05-22,Nordeste,PE,25760,2057
2020-05-22,Nordeste,PI,3074,93
2020-05-22,Nordeste,RN,4251,181
2020-05-22,Nordeste,SE,4922,82
2020-05-22,Norte,AC,3343,80
2020-05-22,Norte,AM,27038,1669
2020-05-22,Norte,AP,5655,157
2020-05-22,Norte,PA,21469,1937
2020-05-22,Norte,RO,2774,106
2020-05-22,Norte,RR,2306,81
2020-05-22,Norte,TO,2205,49
2020-05-22,Sudeste,ES,9520,397
2020-05-22,Sudeste,MG,5995,201
2020-05-22,Sudeste,RJ,33589,3657
2020-05-22,Sudeste,SP,76871,5773
2020-05-22,Sul,PR,2939,146
2020-05-22,Sul,RS,5918,172
2020-05-22,Sul,SC,6458,100
2020-05-23,Centro-Oeste,DF,6251,95
2020-05-23,Centro-Oeste,GO,2377,95
2020-05-23,Centro-Oeste,MS,858,17
2020-05-23,Centro-Oeste,MT,1352,37
2020-05-23,Nordeste,AL,5630,301
2020-05-23,Nordeste,BA,13000,413
2020-05-23,Nordeste,CE,35122,2308
2020-05-23,Nordeste,MA,18767,722
2020-05-23,Nordeste,PB,7508,258
2020-05-23,Nordeste,PE,26786,2144
2020-05-23,Nordeste,PI,3258,99
2020-05-23,Nordeste,RN,4599,184
2020-05-23,Nordeste,SE,5131,86
2020-05-23,Norte,AC,3867,87
2020-05-23,Norte,AM,28802,1744
2020-05-23,Norte,AP,6091,162
2020-05-23,Norte,PA,22697,2001
2020-05-23,Norte,RO,3109,115
2020-05-23,Norte,RR,2374,81
2020-05-23,Norte,TO,2430,51
2020-05-23,Sudeste,ES,9918,417
2020-05-23,Sudeste,MG,6338,217
2020-05-23,Sudeste,RJ,34533,3905
2020-05-23,Sudeste,SP,80558,6045
2020-05-23,Sul,PR,3099,150
2020-05-23,Sul,RS,6336,176
2020-05-23,Sul,SC,6607,103
2020-05-24,Centro-Oeste,DF,6638,104
2020-05-24,Centro-Oeste,GO,2443,95
2020-05-24,Centro-Oeste,MS,924,17
2020-05-24,Centro-Oeste,MT,1462,40
2020-05-24,Nordeste,AL,6214,316
2020-05-24,Nordeste,BA,13899,460
2020-05-24,Nordeste,CE,35595,2324
2020-05-24,Nordeste,MA,21191,754
2020-05-24,Nordeste,PB,7823,272
2020-05-24,Nordeste,PE,27759,2200
2020-05-24,Nordeste,PI,3390,107
2020-05-24,Nordeste,RN,4697,200
2020-05-24,Nordeste,SE,5314,93
2020-05-24,Norte,AC,4160,92
2020-05-24,Norte,AM,29867,1758
2020-05-24,Norte,AP,6353,163
2020-05-24,Norte,PA,24125,2148
2020-05-24,Norte,RO,3201,121
2020-05-24,Norte,RR,2439,84
2020-05-24,Norte,TO,2591,52
2020-05-24,Sudeste,ES,10007,446
2020-05-24,Sudeste,MG,6668,226
2020-05-24,Sudeste,RJ,37912,3993
2020-05-24,Sudeste,SP,82161,6163
2020-05-24,Sul,PR,3212,153
2020-05-24,Sul,RS,6470,180
2020-05-24,Sul,SC,6696,105
2020-05-25,Centro-Oeste,DF,6930,114
2020-05-25,Centro-Oeste,GO,2512,96
2020-05-25,Centro-Oeste,MS,1023,17
2020-05-25,Centro-Oeste,MT,1500,41
2020-05-25,Nordeste,AL,6682,337
2020-05-25,Nordeste,BA,14204,477
2020-05-25,Nordeste,CE,36185,2493
2020-05-25,Nordeste,MA,22786,784
2020-05-25,Nordeste,PB,8016,279
2020-05-25,Nordeste,PE,28366,2248
2020-05-25,Nordeste,PI,3550,110
2020-05-25,Nordeste,RN,4759,209
2020-05-25,Nordeste,SE,5448,103
2020-05-25,Norte,AC,4501,97
2020-05-25,Norte,AM,30282,1781
2020-05-25,Norte,AP,6584,168
2020-05-25,Norte,PA,26077,2372
2020-05-25,Norte,RO,3268,121
2020-05-25,Norte,RR,2514,86
2020-05-25,Norte,TO,2696,58
2020-05-25,Sudeste,ES,10365,465
2020-05-25,Sudeste,MG,6962,230
2020-05-25,Sudeste,RJ,39298,4105
2020-05-25,Sudeste,SP,83625,6220
2020-05-25,Sul,PR,3331,156
2020-05-25,Sul,RS,6559,197
2020-05-25,Sul,SC,6875,109
2020-05-26,Centro-Oeste,DF,7210,124
2020-05-26,Centro-Oeste,GO,2671,104
2020-05-26,Centro-Oeste,MS,1100,17
2020-05-26,Centro-Oeste,MT,1628,43
2020-05-26,Nordeste,AL,7058,354
2020-05-26,Nordeste,BA,14566,495
2020-05-26,Nordeste,CE,37021,2603
2020-05-26,Nordeste,MA,24278,817
2020-05-26,Nordeste,PB,8919,286
2020-05-26,Nordeste,PE,28854,2328
2020-05-26,Nordeste,PI,3720,119
2020-05-26,Nordeste,RN,5472,220
2020-05-26,Nordeste,SE,5735,116
2020-05-26,Norte,AC,4781,105
2020-05-26,Norte,AM,31949,1852
2020-05-26,Norte,AP,6967,173
2020-05-26,Norte,PA,28600,2469
2020-05-26,Norte,RO,3493,133
2020-05-26,Norte,RR,2583,102
2020-05-26,Norte,TO,2858,64
2020-05-26,Sudeste,ES,10889,487
2020-05-26,Sudeste,MG,7516,234
2020-05-26,Sudeste,RJ,40024,4361
2020-05-26,Sudeste,SP,86017,6423
2020-05-26,Sul,PR,3512,159
2020-05-26,Sul,RS,6785,203
2020-05-26,Sul,SC,7016,121
2020-05-27,Centro-Oeste,DF,7761,133
2020-05-27,Centro-Oeste,GO,2843,108
2020-05-27,Centro-Oeste,MS,1186,18
2020-05-27,Centro-Oeste,MT,1839,46
2020-05-27,Nordeste,AL,7580,368
2020-05-27,Nordeste,BA,15070,531
2020-05-27,Nordeste,CE,37275,2671
2020-05-27,Nordeste,MA,26145,853
2020-05-27,Nordeste,PB,10209,298
2020-05-27,Nordeste,PE,29919,2468
2020-05-27,Nordeste,PI,3966,134
2020-05-27,Nordeste,RN,5630,242
2020-05-27,Nordeste,SE,5912,127
2020-05-27,Norte,AC,5251,113
2020-05-27,Norte,AM,33508,1891
2020-05-27,Norte,AP,7619,183
2020-05-27,Norte,PA,31033,2545
2020-05-27,Norte,RO,3862,137
2020-05-27,Norte,RR,2682,102
2020-05-27,Norte,TO,3023,65
2020-05-27,Sudeste,ES,11484,511
2020-05-27,Sudeste,MG,8011,240
2020-05-27,Sudeste,RJ,42398,4605
2020-05-27,Sudeste,SP,89483,6712
2020-05-27,Sul,PR,3712,162
2020-05-27,Sul,RS,7048,209
2020-05-27,Sul,SC,7372,126
2020-05-28,Centro-Oeste,DF,8300,142
2020-05-28,Centro-Oeste,GO,3090,115
2020-05-28,Centro-Oeste,MS,1262,18
2020-05-28,Centro-Oeste,MT,1951,51
2020-05-28,Nordeste,AL,8055,385
2020-05-28,Nordeste,BA,15963,570
2020-05-28,Nordeste,CE,37821,2733
2020-05-28,Nordeste,MA,27979,887
2020-05-28,Nordeste,PB,11132,318
2020-05-28,Nordeste,PE,30713,2566
2020-05-28,Nordeste,PI,4243,138
2020-05-28,Nordeste,RN,5630,254
2020-05-28,Nordeste,SE,6156,135
2020-05-28,Norte,AC,5600,122
2020-05-28,Norte,AM,36146,1964
2020-05-28,Norte,AP,8152,198
2020-05-28,Norte,PA,33699,2704
2020-05-28,Norte,RO,4252,142
2020-05-28,Norte,RR,2959,102
2020-05-28,Norte,TO,3277,68
2020-05-28,Sudeste,ES,12203,538
2020-05-28,Sudeste,MG,8686,255
2020-05-28,Sudeste,RJ,44886,4856
2020-05-28,Sudeste,SP,95865,6980
2020-05-28,Sul,PR,3984,169
2020-05-28,Sul,RS,8234,213
2020-05-28,Sul,SC,8000,131
2020-05-29,Centro-Oeste,DF,8722,154
2020-05-29,Centro-Oeste,GO,3319,119
2020-05-29,Centro-Oeste,MS,1356,18
2020-05-29,Centro-Oeste,MT,2103,56
2020-05-29,Nordeste,AL,8618,406
2020-05-29,Nordeste,BA,16917,609
2020-05-29,Nordeste,CE,38395,2859
2020-05-29,Nordeste,MA,30482,911
2020-05-29,Nordeste,PB,12011,327
2020-05-29,Nordeste,PE,32255,2669
2020-05-29,Nordeste,PI,4503,146
2020-05-29,Nordeste,RN,6463,268
2020-05-29,Nordeste,SE,6462,142
2020-05-29,Norte,AC,5841,135
2020-05-29,Norte,AM,38909,2011
2020-05-29,Norte,AP,8469,207
2020-05-29,Norte,PA,36486,2827
2020-05-29,Norte,RO,4502,145
2020-05-29,Norte,RR,3098,108
2020-05-29,Norte,TO,3611,70
2020-05-29,Sudeste,ES,12903,560
2020-05-29,Sudeste,MG,9232,257
2020-05-29,Sudeste,RJ,47953,5079
2020-05-29,Sudeste,SP,101556,7275
2020-05-29,Sul,PR,4236,173
2020-05-29,Sul,RS,8234,213
2020-05-29,Sul,SC,8530,134
2020-05-30,Centro-Oeste,DF,9474,162
2020-05-30,Centro-Oeste,GO,3585,122
2020-05-30,Centro-Oeste,MS,1418,19
2020-05-30,Centro-Oeste,MT,2361,57
2020-05-30,Nordeste,AL,9223,424
2020-05-30,Nordeste,BA,17626,638
2020-05-30,Nordeste,CE,46506,2956
2020-05-30,Nordeste,MA,32620,932
2020-05-30,Nordeste,PB,12862,347
2020-05-30,Nordeste,PE,33427,2740
2020-05-30,Nordeste,PI,4745,157
2020-05-30,Nordeste,RN,7402,305
2020-05-30,Nordeste,SE,6805,149
2020-05-30,Norte,AC,6072,142
2020-05-30,Norte,AM,40560,2047
2020-05-30,Norte,AP,9313,215
2020-05-30,Norte,PA,37296,2900
2020-05-30,Norte,RO,4743,151
2020-05-30,Norte,RR,3299,110
2020-05-30,Norte,TO,3981,71
2020-05-30,Sudeste,ES,13437,583
2020-05-30,Sudeste,MG,9630,263
2020-05-30,Sudeste,RJ,52420,5277
2020-05-30,Sudeste,SP,107142,7532
2020-05-30,Sul,PR,4473,181
2020-05-30,Sul,RS,9242,218
2020-05-30,Sul,SC,8778,136
2020-05-31,Centro-Oeste,DF,9780,170
2020-05-31,Centro-Oeste,GO,3702,124
2020-05-31,Centro-Oeste,MS,1489,20
2020-05-31,Centro-Oeste,MT,2429,61
2020-05-31,Nordeste,AL,10288,443
2020-05-31,Nordeste,BA,18392,667
2020-05-31,Nordeste,CE,48489,3010
2020-05-31,Nordeste,MA,34639,955
2020-05-31,Nordeste,PB,13162,360
2020-05-31,Nordeste,PE,34450,2807
2020-05-31,Nordeste,PI,4931,161
2020-05-31,Nordeste,RN,7402,305
2020-05-31,Nordeste,SE,6999,158
2020-05-31,Norte,AC,6219,148
2020-05-31,Norte,AM,41378,2052
2020-05-31,Norte,AP,9602,222
2020-05-31,Norte,PA,37961,2923
2020-05-31,Norte,RO,4942,156
2020-05-31,Norte,RR,3474,116
2020-05-31,Norte,TO,4176,73
2020-05-31,Sudeste,ES,13690,604
2020-05-31,Sudeste,MG,10464,271
2020-05-31,Sudeste,RJ,53388,5344
2020-05-31,Sudeste,SP,109698,7615
2020-05-31,Sul,PR,4687,182
2020-05-31,Sul,RS,9332,224
2020-05-31,Sul,SC,9037,143
2020-06-01,Centro-Oeste,DF,10510,171
2020-06-01,Centro-Oeste,GO,3906,127
2020-06-01,Centro-Oeste,MS,1568,20
2020-06-01,Centro-Oeste,MT,2541,66
2020-06-01,Nordeste,AL,10837,461
2020-06-01,Nordeste,BA,18898,701
2020-06-01,Nordeste,CE,50504,3188
2020-06-01,Nordeste,MA,35297,976
2020-06-01,Nordeste,PB,13695,370
2020-06-01,Nordeste,PE,34900,2875
2020-06-01,Nordeste,PI,5119,168
2020-06-01,Nordeste,RN,7964,323
2020-06-01,Nordeste,SE,7233,166
2020-06-01,Norte,AC,6326,161
2020-06-01,Norte,AM,41774,2071
2020-06-01,Norte,AP,9890,228
2020-06-01,Norte,PA,38046,2925
2020-06-01,Norte,RO,5172,159
2020-06-01,Norte,RR,3692,116
2020-06-01,Norte,TO,4345,76
2020-06-01,Sudeste,ES,14069,614
2020-06-01,Sudeste,MG,10670,278
2020-06-01,Sudeste,RJ,54530,5462
2020-06-01,Sudeste,SP,111296,7667
2020-06-01,Sul,PR,4835,190
2020-06-01,Sul,RS,9332,232
2020-06-01,Sul,SC,9498,146
2020-06-02,Centro-Oeste,DF,11256,177
2020-06-02,Centro-Oeste,GO,4377,151
2020-06-02,Centro-Oeste,MS,1646,20
2020-06-02,Centro-Oeste,MT,2709,70
2020-06-02,Nordeste,AL,11559,482
2020-06-02,Nordeste,BA,21430,736
2020-06-02,Nordeste,CE,53073,3421
2020-06-02,Nordeste,MA,36625,997
2020-06-02,Nordeste,PB,14859,379
2020-06-02,Nordeste,PE,35508,2933
2020-06-02,Nordeste,PI,5506,180
2020-06-02,Nordeste,RN,8233,341
2020-06-02,Nordeste,SE,7555,172
2020-06-02,Norte,AC,6465,165
2020-06-02,Norte,AM,43195,2102
2020-06-02,Norte,AP,10511,237
2020-06-02,Norte,PA,41207,3040
2020-06-02,Norte,RO,5477,172
2020-06-02,Norte,RR,3850,120
2020-06-02,Norte,TO,4483,79
2020-06-02,Sudeste,ES,15151,664
2020-06-02,Sudeste,MG,10939,289
2020-06-02,Sudeste,RJ,56732,5686
2020-06-02,Sudeste,SP,118295,7994
2020-06-02,Sul,PR,5163,199
2020-06-02,Sul,RS,9919,245
2020-06-02,Sul,SC,9660,148
2020-06-03,Centro-Oeste,DF,12020,191
2020-06-03,Centro-Oeste,GO,4570,155
2020-06-03,Centro-Oeste,MS,1802,20
2020-06-03,Centro-Oeste,MT,2848,76
2020-06-03,Nordeste,AL,12407,506
2020-06-03,Nordeste,BA,22451,762
2020-06-03,Nordeste,CE,56056,3605
2020-06-03,Nordeste,MA,38174,1028
2020-06-03,Nordeste,PB,16018,414
2020-06-03,Nordeste,PE,36463,3012
2020-06-03,Nordeste,PI,5828,192
2020-06-03,Nordeste,RN,9149,367
2020-06-03,Nordeste,SE,7989,180
2020-06-03,Norte,AC,6679,171
2020-06-03,Norte,AM,44347,2138
2020-06-03,Norte,AP,11107,247
2020-06-03,Norte,PA,44774,3193
2020-06-03,Norte,RO,5713,180
2020-06-03,Norte,RR,4143,124
2020-06-03,Norte,TO,4698,82
2020-06-03,Sudeste,ES,16121,698
2020-06-03,Sudeste,MG,12010,306
2020-06-03,Sudeste,RJ,59240,6010
2020-06-03,Sudeste,SP,123483,8276
2020-06-03,Sul,PR,5494,205
2020-06-03,Sul,RS,10398,258
2020-06-03,Sul,SC,10034,152
2020-06-04,Centro-Oeste,DF,12923,196
2020-06-04,Centro-Oeste,GO,4944,164
2020-06-04,Centro-Oeste,MS,1925,20
2020-06-04,Centro-Oeste,MT,3194,82
2020-06-04,Nordeste,AL,13097,531
2020-06-04,Nordeste,BA,23463,790
2020-06-04,Nordeste,CE,59795,3813
2020-06-04,Nordeste,MA,40629,1062
2020-06-04,Nordeste,PB,17579,438
2020-06-04,Nordeste,PE,37507,3134
2020-06-04,Nordeste,PI,6064,202
2020-06-04,Nordeste,RN,9282,378
2020-06-04,Nordeste,SE,8200,186
2020-06-04,Norte,AC,7021,181
2020-06-04,Norte,AM,46473,2183
2020-06-04,Norte,AP,11551,254
2020-06-04,Norte,PA,48049,3416
2020-06-04,Norte,RO,6459,194
2020-06-04,Norte,RR,4483,127
2020-06-04,Norte,TO,4881,87
2020-06-04,Sudeste,ES,16894,737
2020-06-04,Sudeste,MG,13034,323
2020-06-04,Sudeste,RJ,60932,6327
2020-06-04,Sudeste,SP,129200,8560
2020-06-04,Sul,PR,5820,215
2020-06-04,Sul,RS,11010,265
2020-06-04,Sul,SC,10532,156
2020-06-05,Centro-Oeste,DF,14208,202
2020-06-05,Centro-Oeste,GO,5373,167
2020-06-05,Centro-Oeste,MS,1997,21
2020-06-05,Centro-Oeste,MT,3481,88
2020-06-05,Nordeste,AL,13937,557
2020-06-05,Nordeste,BA,26419,819
2020-06-05,Nordeste,CE,61595,3890
2020-06-05,Nordeste,MA,43313,1095
2020-06-05,Nordeste,PB,18579,451
2020-06-05,Nordeste,PE,38511,3205
2020-06-05,Nordeste,PI,6717,217
2020-06-05,Nordeste,RN,9440,387
2020-06-05,Nordeste,SE,8577,198
2020-06-05,Norte,AC,7284,190
2020-06-05,Norte,AM,47666,2199
2020-06-05,Norte,AP,12327,260
2020-06-05,Norte,PA,50960,3538
2020-06-05,Norte,RO,6862,213
2020-06-05,Norte,RR,4831,139
2020-06-05,Norte,TO,5182,89
2020-06-05,Sudeste,ES,18109,780
2020-06-05,Sudeste,MG,13995,344
2020-06-05,Sudeste,RJ,63066,6473
2020-06-05,Sudeste,SP,134565,8842
2020-06-05,Sul,PR,6348,227
2020-06-05,Sul,RS,11583,276
2020-06-05,Sul,SC,10846,159
2020-06-06,Centro-Oeste,DF,15850,208
2020-06-06,Centro-Oeste,GO,5669,172
2020-06-06,Centro-Oeste,MS,2132,21
2020-06-06,Centro-Oeste,MT,3662,96
2020-06-06,Nordeste,AL,14818,582
2020-06-06,Nordeste,BA,27396,846
2020-06-06,Nordeste,CE,63575,3965
2020-06-06,Nordeste,MA,45470,1132
2020-06-06,Nordeste,PB,19787,467
2020-06-06,Nordeste,PE,39361,3270
2020-06-06,Nordeste,PI,7105,224
2020-06-06,Nordeste,RN,9449,410
2020-06-06,Nordeste,SE,8972,208
2020-06-06,Norte,AC,7525,201
2020-06-06,Norte,AM,48785,2232
2020-06-06,Norte,AP,12773,269
2020-06-06,Norte,PA,53176,3612
2020-06-06,Norte,RO,7700,228
2020-06-06,Norte,RR,5238,139
2020-06-06,Norte,TO,5505,96
2020-06-06,Sudeste,ES,18950,806
2020-06-06,Sudeste,MG,14939,368
2020-06-06,Sudeste,RJ,64533,6639
2020-06-06,Sudeste,SP,140549,9058
2020-06-06,Sul,PR,6605,232
2020-06-06,Sul,RS,12037,283
2020-06-06,Sul,SC,11285,166
2020-06-07,Centro-Oeste,DF,16623,214
2020-06-07,Centro-Oeste,GO,5813,173
2020-06-07,Centro-Oeste,MS,2253,21
2020-06-07,Centro-Oeste,MT,3878,109
2020-06-07,Nordeste,AL,15706,601
2020-06-07,Nordeste,BA,28250,879
2020-06-07,Nordeste,CE,64271,3982
2020-06-07,Nordeste,MA,47593,1170
2020-06-07,Nordeste,PB,20310,484
2020-06-07,Nordeste,PE,40242,3305
2020-06-07,Nordeste,PI,7478,239
2020-06-07,Nordeste,RN,9452,424
2020-06-07,Nordeste,SE,9290,217
2020-06-07,Norte,AC,7983,207
2020-06-07,Norte,AM,49269,2250
2020-06-07,Norte,AP,13045,272
2020-06-07,Norte,PA,54271,3678
2020-06-07,Norte,RO,8110,235
2020-06-07,Norte,RR,5529,142
2020-06-07,Norte,TO,5644,99
2020-06-07,Sudeste,ES,19619,832
2020-06-07,Sudeste,MG,15703,376
2020-06-07,Sudeste,RJ,67756,6707
2020-06-07,Sudeste,SP,143073,9145
2020-06-07,Sul,PR,6897,237
2020-06-07,Sul,RS,12135,286
2020-06-07,Sul,SC,11565,171
2020-06-08,Centro-Oeste,DF,16629,214
2020-06-08,Centro-Oeste,GO,6124,173
2020-06-08,Centro-Oeste,MS,2324,22
2020-06-08,Centro-Oeste,MT,4100,116
2020-06-08,Nordeste,AL,15706,601
2020-06-08,Nordeste,BA,28715,910
2020-06-08,Nordeste,CE,65605,4120
2020-06-08,Nordeste,MA,49371,1247
2020-06-08,Nordeste,PB,20951,507
2020-06-08,Nordeste,PE,40705,3350
2020-06-08,Nordeste,PI,7621,254
2020-06-08,Nordeste,RN,10888,431
2020-06-08,Nordeste,SE,9727,234
2020-06-08,Norte,AC,8128,211
2020-06-08,Norte,AM,49811,2271
2020-06-08,Norte,AP,13294,278
2020-06-08,Norte,PA,56032,3772
2020-06-08,Norte,RO,8626,245
2020-06-08,Norte,RR,5768,145
2020-06-08,Norte,TO,5807,108
2020-06-08,Sudeste,ES,20659,871
2020-06-08,Sudeste,MG,15883,380
2020-06-08,Sudeste,RJ,69499,6781
2020-06-08,Sudeste,SP,144593,9188
2020-06-08,Sul,PR,7031,243
2020-06-08,Sul,RS,12250,291
2020-06-08,Sul,SC,11565,171
2020-06-09,Centro-Oeste,DF,18090,236
2020-06-09,Centro-Oeste,GO,6521,180
2020-06-09,Centro-Oeste,MS,2455,22
2020-06-09,Centro-Oeste,MT,4339,135
2020-06-09,Nordeste,AL,17193,640
2020-06-09,Nordeste,BA,30481,937
2020-06-09,Nordeste,CE,68384,4309
2020-06-09,Nordeste,MA,52069,1285
2020-06-09,Nordeste,PB,22452,534
2020-06-09,Nordeste,PE,41010,3453
2020-06-09,Nordeste,PI,7927,265
2020-06-09,Nordeste,RN,11027,459
2020-06-09,Nordeste,SE,10126,252
2020-06-09,Norte,AC,8457,223
2020-06-09,Norte,AM,51234,2315
2020-06-09,Norte,AP,13771,285
2020-06-09,Norte,PA,59148,3853
2020-06-09,Norte,RO,9220,255
2020-06-09,Norte,RR,6056,168
2020-06-09,Norte,TO,6052,114
2020-06-09,Sudeste,ES,21964,904
2020-06-09,Sudeste,MG,16102,399
2020-06-09,Sudeste,RJ,72979,6928
2020-06-09,Sudeste,SP,150138,9522
2020-06-09,Sul,PR,7314,253
2020-06-09,Sul,RS,12802,301
2020-06-09,Sul,SC,12192,179
2020-06-10,Centro-Oeste,DF,19433,256
2020-06-10,Centro-Oeste,GO,7159,188
2020-06-10,Centro-Oeste,MS,2597,24
2020-06-10,Centro-Oeste,MT,4602,146
2020-06-10,Nordeste,AL,18176,660
2020-06-10,Nordeste,BA,32685,975
2020-06-10,Nordeste,CE,71402,4480
2020-06-10,Nordeste,MA,53508,1322
2020-06-10,Nordeste,PB,24032,559
2020-06-10,Nordeste,PE,41935,3531
2020-06-10,Nordeste,PI,8359,283
2020-06-10,Nordeste,RN,11568,487
2020-06-10,Nordeste,SE,10615,264
2020-06-10,Norte,AC,8746,237
2020-06-10,Norte,AM,52849,2363
2020-06-10,Norte,AP,14623,289
2020-06-10,Norte,PA,62095,3927
2020-06-10,Norte,RO,9850,267
2020-06-10,Norte,RR,6347,182
2020-06-10,Norte,TO,6257,120
2020-06-10,Sudeste,ES,23344,936
2020-06-10,Sudeste,MG,17501,409
2020-06-10,Sudeste,RJ,74373,7138
2020-06-10,Sudeste,SP,156316,9862
2020-06-10,Sul,PR,7831,275
2020-06-10,Sul,RS,13619,316
2020-06-10,Sul,SC,12594,184
2020-06-11,Centro-Oeste,DF,20507,274
2020-06-11,Centro-Oeste,GO,7657,189
2020-06-11,Centro-Oeste,MS,2853,25
2020-06-11,Centro-Oeste,MT,5092,160
2020-06-11,Nordeste,AL,19200,681
2020-06-11,Nordeste,BA,33891,1013
2020-06-11,Nordeste,CE,73879,4663
2020-06-11,Nordeste,MA,55680,1360
2020-06-11,Nordeste,PB,25370,570
2020-06-11,Nordeste,PE,42994,3633
2020-06-11,Nordeste,PI,8823,299
2020-06-11,Nordeste,RN,13234,496
2020-06-11,Nordeste,SE,11056,283
2020-06-11,Norte,AC,9091,245
2020-06-11,Norte,AM,53989,2400
2020-06-11,Norte,AP,15166,303
2020-06-11,Norte,PA,64126,4030
2020-06-11,Norte,RO,10547,293
2020-06-11,Norte,RR,6594,188
2020-06-11,Norte,TO,6529,124
2020-06-11,Sudeste,ES,24229,962
2020-06-11,Sudeste,MG,18448,431
2020-06-11,Sudeste,RJ,75775,7363
2020-06-11,Sudeste,SP,162520,10145
2020-06-11,Sul,PR,8457,280
2020-06-11,Sul,RS,14168,323
2020-06-11,Sul,SC,12953,186
2020-06-12,Centro-Oeste,DF,21396,282
2020-06-12,Centro-Oeste,GO,7846,194
2020-06-12,Centro-Oeste,MS,3001,28
2020-06-12,Centro-Oeste,MT,5363,175
2020-06-12,Nordeste,AL,20031,701
2020-06-12,Nordeste,BA,34665,1039
2020-06-12,Nordeste,CE,75705,4788
2020-06-12,Nordeste,MA,57605,1399
2020-06-12,Nordeste,PB,26556,610
2020-06-12,Nordeste,PE,43872,3694
2020-06-12,Nordeste,PI,9337,317
2020-06-12,Nordeste,RN,13501,514
2020-06-12,Nordeste,SE,11534,305
2020-06-12,Norte,AC,9295,254
2020-06-12,Norte,AM,55111,2429
2020-06-12,Norte,AP,15683,312
2020-06-12,Norte,PA,66328,4132
2020-06-12,Norte,RO,11224,296
2020-06-12,Norte,RR,6712,192
2020-06-12,Norte,TO,6744,128
2020-06-12,Sudeste,ES,25257,986
2020-06-12,Sudeste,MG,20106,446
2020-06-12,Sudeste,RJ,77784,7417
2020-06-12,Sudeste,SP,167900,10368
2020-06-12,Sul,PR,8705,294
2020-06-12,Sul,RS,14384,337
2020-06-12,Sul,SC,13165,191
2020-06-13,Centro-Oeste,DF,21959,293
2020-06-13,Centro-Oeste,GO,7940,208
2020-06-13,Centro-Oeste,MS,3235,28
2020-06-13,Centro-Oeste,MT,5524,192
2020-06-13,Nordeste,AL,20887,723
2020-06-13,Nordeste,BA,35788,1069
2020-06-13,Nordeste,CE,76429,4829
2020-06-13,Nordeste,MA,58859,1436
2020-06-13,Nordeste,PB,27454,623
2020-06-13,Nordeste,PE,44671,3784
2020-06-13,Nordeste,PI,9825,335
2020-06-13,Nordeste,RN,13789,533
2020-06-13,Nordeste,SE,12866,316
2020-06-13,Norte,AC,9534,256
2020-06-13,Norte,AM,56026,2465
2020-06-13,Norte,AP,16322,319
2020-06-13,Norte,PA,68510,4177
2020-06-13,Norte,RO,11710,309
2020-06-13,Norte,RR,6842,197
2020-06-13,Norte,TO,6931,130
2020-06-13,Sudeste,ES,25932,1022
2020-06-13,Sudeste,MG,20614,454
2020-06-13,Sudeste,RJ,78836,7592
2020-06-13,Sudeste,SP,172875,10581
2020-06-13,Sul,PR,9233,312
2020-06-13,Sul,RS,14627,344
2020-06-13,Sul,SC,13296,193
2020-06-14,Centro-Oeste,DF,22871,304
2020-06-14,Centro-Oeste,GO,7944,211
2020-06-14,Centro-Oeste,MS,3433,31
2020-06-14,Centro-Oeste,MT,5861,209
2020-06-14,Nordeste,AL,22199,744
2020-06-14,Nordeste,BA,36401,1105
2020-06-14,Nordeste,CE,76748,4861
2020-06-14,Nordeste,MA,59850,1467
2020-06-14,Nordeste,PB,28013,633
2020-06-14,Nordeste,PE,45261,3855
2020-06-14,Nordeste,PI,10153,360
2020-06-14,Nordeste,RN,14171,534
2020-06-14,Nordeste,SE,13968,330
2020-06-14,Norte,AC,9642,259
2020-06-14,Norte,AM,56506,2492
2020-06-14,Norte,AP,16512,324
2020-06-14,Norte,PA,69179,4191
2020-06-14,Norte,RO,11865,324
2020-06-14,Norte,RR,6875,200
2020-06-14,Norte,TO,6972,132
2020-06-14,Sudeste,ES,26441,1054
2020-06-14,Sudeste,MG,21381,475
2020-06-14,Sudeste,RJ,79572,7672
2020-06-14,Sudeste,SP,178202,10694
2020-06-14,Sul,PR,9583,326
2020-06-14,Sul,RS,14661,350
2020-06-14,Sul,SC,13360,195
2020-06-15,Centro-Oeste,DF,23684,319
2020-06-15,Centro-Oeste,GO,10182,226
2020-06-15,Centro-Oeste,MS,3551,33
2020-06-15,Centro-Oeste,MT,6185,216
2020-06-15,Nordeste,AL,22962,768
2020-06-15,Nordeste,BA,37620,1145
2020-06-15,Nordeste,CE,79462,4999
2020-06-15,Nordeste,MA,60592,1499
2020-06-15,Nordeste,PB,28668,656
2020-06-15,Nordeste,PE,45507,3886
2020-06-15,Nordeste,PI,10357,374
2020-06-15,Nordeste,RN,14214,553
2020-06-15,Nordeste,SE,15675,352
2020-06-15,Norte,AC,9771,265
2020-06-15,Norte,AM,56777,2512
2020-06-15,Norte,AP,16813,329
2020-06-15,Norte,PA,69224,4201
2020-06-15,Norte,RO,12180,332
2020-06-15,Norte,RR,6881,203
2020-06-15,Norte,TO,7137,136
2020-06-15,Sudeste,ES,27581,1086
2020-06-15,Sudeste,MG,21728,481
2020-06-15,Sudeste,RJ,80946,7728
2020-06-15,Sudeste,SP,181460,10767
2020-06-15,Sul,PR,9716,334
2020-06-15,Sul,RS,15438,360
2020-06-15,Sul,SC,13960,199
2020-06-16,Centro-Oeste,DF,25380,348
2020-06-16,Centro-Oeste,GO,11264,246
2020-06-16,Centro-Oeste,MS,3785,36
2020-06-16,Centro-Oeste,MT,6388,226
2020-06-16,Nordeste,AL,23632,793
2020-06-16,Nordeste,BA,39206,1181
2020-06-16,Nordeste,CE,81289,5070
2020-06-16,Nordeste,MA,62711,1537
2020-06-16,Nordeste,PB,30128,671
2020-06-16,Nordeste,PE,46427,3959
2020-06-16,Nordeste,PI,10881,393
2020-06-16,Nordeste,RN,15212,585
2020-06-16,Nordeste,SE,16310,364
2020-06-16,Norte,AC,10003,271
2020-06-16,Norte,AM,58018,2549
2020-06-16,Norte,AP,18024,337
2020-06-16,Norte,PA,71243,4291
2020-06-16,Norte,RO,13010,346
2020-06-16,Norte,RR,6935,216
2020-06-16,Norte,TO,7309,140
2020-06-16,Sudeste,ES,28952,1131
2020-06-16,Sudeste,MG,22024,502
2020-06-16,Sudeste,RJ,83343,7967
2020-06-16,Sudeste,SP,190285,11132
2020-06-16,Sul,PR,10557,364
2020-06-16,Sul,RS,16471,374
2020-06-16,Sul,SC,14402,212
2020-06-17,Centro-Oeste,DF,27140,365
2020-06-17,Centro-Oeste,GO,12236,252
2020-06-17,Centro-Oeste,MS,4164,36
2020-06-17,Centro-Oeste,MT,7124,266
2020-06-17,Nordeste,AL,24867,811
2020-06-17,Nordeste,BA,40926,1222
2020-06-17,Nordeste,CE,84967,5282
2020-06-17,Nordeste,MA,64735,1570
2020-06-17,Nordeste,PB,31712,696
2020-06-17,Nordeste,PE,47446,4009
2020-06-17,Nordeste,PI,11559,398
2020-06-17,Nordeste,RN,15212,585
2020-06-17,Nordeste,SE,16807,383
2020-06-17,Norte,AC,10339,281
2020-06-17,Norte,AM,59547,2579
2020-06-17,Norte,AP,18618,338
2020-06-17,Norte,PA,74192,4350
2020-06-17,Norte,RO,13567,360
2020-06-17,Norte,RR,7150,224
2020-06-17,Norte,TO,7573,149
2020-06-17,Sudeste,ES,30441,1169
2020-06-17,Sudeste,MG,23347,537
2020-06-17,Sudeste,RJ,86963,8138
2020-06-17,Sudeste,SP,191517,11521
2020-06-17,Sul,PR,11085,386
2020-06-17,Sul,RS,17128,387
2020-06-17,Sul,SC,15015,216
2020-06-18,Centro-Oeste,DF,28521,379
2020-06-18,Centro-Oeste,GO,13304,264
2020-06-18,Centro-Oeste,MS,4274,39
2020-06-18,Centro-Oeste,MT,7512,281
2020-06-18,Nordeste,AL,25633,831
2020-06-18,Nordeste,BA,41577,1263
2020-06-18,Nordeste,CE,87273,5377
2020-06-18,Nordeste,MA,66091,1607
2020-06-18,Nordeste,PB,31760,709
2020-06-18,Nordeste,PE,48626,4057
2020-06-18,Nordeste,PI,12099,421
2020-06-18,Nordeste,RN,15889,655
2020-06-18,Nordeste,SE,17338,400
2020-06-18,Norte,AC,10664,287
2020-06-18,Norte,AM,60736,2605
2020-06-18,Norte,AP,19387,342
2020-06-18,Norte,PA,76623,4395
2020-06-18,Norte,RO,13804,374
2020-06-18,Norte,RR,7421,231
2020-06-18,Norte,TO,7774,152
2020-06-18,Sudeste,ES,31671,1217
2020-06-18,Sudeste,MG,24906,570
2020-06-18,Sudeste,RJ,87317,8412
2020-06-18,Sudeste,SP,192628,11846
2020-06-18,Sul,PR,11919,406
2020-06-18,Sul,RS,17822,406
2020-06-18,Sul,SC,15573,222
2020-06-19,Centro-Oeste,DF,30902,396
2020-06-19,Centro-Oeste,GO,14027,281
2020-06-19,Centro-Oeste,MS,4666,40
2020-06-19,Centro-Oeste,MT,8353,309
2020-06-19,Nordeste,AL,26906,848
2020-06-19,Nordeste,BA,43922,1305
2020-06-19,Nordeste,CE,89863,5460
2020-06-19,Nordeste,MA,68500,1645
2020-06-19,Nordeste,PB,35093,724
2020-06-19,Nordeste,PE,49720,4102
2020-06-19,Nordeste,PI,12567,435
2020-06-19,Nordeste,RN,16039,693
2020-06-19,Nordeste,SE,17808,426
2020-06-19,Norte,AC,10987,292
2020-06-19,Norte,AM,61683,2624
2020-06-19,Norte,AP,19922,348
2020-06-19,Norte,PA,80072,4469
2020-06-19,Norte,RO,14353,391
2020-06-19,Norte,RR,7650,239
2020-06-19,Norte,TO,7956,159
2020-06-19,Sudeste,ES,33142,1265
2020-06-19,Sudeste,MG,26052,600
2020-06-19,Sudeste,RJ,93378,8595
2020-06-19,Sudeste,SP,211658,12232
2020-06-19,Sul,PR,12785,419
2020-06-19,Sul,RS,18587,423
2020-06-19,Sul,SC,16322,234
2020-06-20,Centro-Oeste,DF,32238,404
2020-06-20,Centro-Oeste,GO,14880,295
2020-06-20,Centro-Oeste,MS,4990,43
2020-06-20,Centro-Oeste,MT,8962,335
2020-06-20,Nordeste,AL,27698,866
2020-06-20,Nordeste,BA,45304,1350
2020-06-20,Nordeste,CE,92156,5518
2020-06-20,Nordeste,MA,69673,1684
2020-06-20,Nordeste,PB,36521,743
2020-06-20,Nordeste,PE,51118,4148
2020-06-20,Nordeste,PI,13813,459
2020-06-20,Nordeste,RN,19206,697
2020-06-20,Nordeste,SE,18449,448
2020-06-20,Norte,AC,11263,297
2020-06-20,Norte,AM,62902,2650
2020-06-20,Norte,AP,21574,353
2020-06-20,Norte,PA,82881,4519
2020-06-20,Norte,RO,14952,409
2020-06-20,Norte,RR,8037,245
2020-06-20,Norte,TO,8203,167
2020-06-20,Sudeste,ES,34216,1297
2020-06-20,Sudeste,MG,27305,636
2020-06-20,Sudeste,RJ,95537,8824
2020-06-20,Sudeste,SP,215793,12494
2020-06-20,Sul,PR,13662,428
2020-06-20,Sul,RS,19138,430
2020-06-20,Sul,SC,17108,237
2020-06-21,Centro-Oeste,DF,33227,423
2020-06-21,Centro-Oeste,GO,15619,303
2020-06-21,Centro-Oeste,MS,5237,45
2020-06-21,Centro-Oeste,MT,9470,360
2020-06-21,Nordeste,AL,28657,884
2020-06-21,Nordeste,BA,46279,1391
2020-06-21,Nordeste,CE,92866,5523
2020-06-21,Nordeste,MA,70059,1721
2020-06-21,Nordeste,PB,36784,766
2020-06-21,Nordeste,PE,52113,4234
2020-06-21,Nordeste,PI,14264,485
2020-06-21,Nordeste,RN,19290,697
2020-06-21,Nordeste,SE,18985,462
2020-06-21,Norte,AC,11381,300
2020-06-21,Norte,AM,63410,2657
2020-06-21,Norte,AP,21840,359
2020-06-21,Norte,PA,84654,4583
2020-06-21,Norte,RO,15181,417
2020-06-21,Norte,RR,8120,251
2020-06-21,Norte,TO,8354,175
2020-06-21,Sudeste,ES,34858,1326
2020-06-21,Sudeste,MG,27641,661
2020-06-21,Sudeste,RJ,96133,8875
2020-06-21,Sudeste,SP,219185,12588
2020-06-21,Sul,PR,14501,451
2020-06-21,Sul,RS,19348,434
2020-06-21,Sul,SC,17582,246
